Name,Framework,Problem Size,Wall Clock Time,CPU Time,Kernel Time,Position Update Time,Velocity Update Time,Force Update Time,Version,Framework[Version],GPU,SLOC,n1,n2,N1,N2,n,N,V,D,E
MatrixMultiplication,Alpaka,32,78312.59870339077,78124.43358610568,23948.527886497064,,,,,Alpaka,RTX2080,109,48,116,635,405,164,1040,7651.854084802807,83.79310344827586,641172.6008989938
MatrixMultiplication,Alpaka,64,112927.23188397352,112639.42101449276,39954.84014492753,,,,,Alpaka,RTX2080,109,48,116,635,405,164,1040,7651.854084802807,83.79310344827586,641172.6008989938
MatrixMultiplication,Alpaka,128,157646.42815206278,157333.66470854043,74701.66312697696,,,,,Alpaka,RTX2080,109,48,116,635,405,164,1040,7651.854084802807,83.79310344827586,641172.6008989938
MatrixMultiplication,Alpaka,256,622799.4631849655,621758.9640410962,462426.48886986304,,,,,Alpaka,RTX2080,109,48,116,635,405,164,1040,7651.854084802807,83.79310344827586,641172.6008989938
MatrixMultiplication,Alpaka,512,3889059.659079728,3883923.789772728,3329796.465909091,,,,,Alpaka,RTX2080,109,48,116,635,405,164,1040,7651.854084802807,83.79310344827586,641172.6008989938
MatrixMultiplication,Alpaka,1024,27232619.1153787,27199859.84615384,25555713.730769232,,,,,Alpaka,RTX2080,109,48,116,635,405,164,1040,7651.854084802807,83.79310344827586,641172.6008989938
MatrixMultiplication,Alpaka,2048,227888765.66725472,226700705.3333335,220051572.0,,,,,Alpaka,RTX2080,109,48,116,635,405,164,1040,7651.854084802807,83.79310344827586,641172.6008989938
MatrixMultiplication,Alpaka,4096,3911160298.9978566,3906790680.999999,3867204715.0,,,,,Alpaka,RTX2080,109,48,116,635,405,164,1040,7651.854084802807,83.79310344827586,641172.6008989938
MatrixMultiplication,Alpaka,8192,61271158257.00093,61249585747.0,61135220921.0,,,,,Alpaka,RTX2080,109,48,116,635,405,164,1040,7651.854084802807,83.79310344827586,641172.6008989938
MatrixMultiplication,OpenMP,32,58089.86310978248,23716.858739837397,57374.13130081301,,,,,OpenMP,RTX2080,52,47,71,333,192,118,525,3613.3876009149667,63.54929577464789,229628.23739899058
MatrixMultiplication,OpenMP,64,69280.72517484933,31004.930993005742,67785.8360582706,,,,,OpenMP,RTX2080,52,47,71,333,192,118,525,3613.3876009149667,63.54929577464789,229628.23739899058
MatrixMultiplication,OpenMP,128,101937.50016584514,39153.59840602167,98386.11838609696,,,,,OpenMP,RTX2080,52,47,71,333,192,118,525,3613.3876009149667,63.54929577464789,229628.23739899058
MatrixMultiplication,OpenMP,256,255649.28206644816,85571.61197947733,240957.34089010855,,,,,OpenMP,RTX2080,52,47,71,333,192,118,525,3613.3876009149667,63.54929577464789,229628.23739899058
MatrixMultiplication,OpenMP,512,944992.895959006,323059.96284254524,879268.2192289828,,,,,OpenMP,RTX2080,52,47,71,333,192,118,525,3613.3876009149667,63.54929577464789,229628.23739899058
MatrixMultiplication,OpenMP,1024,6382641.182929406,2844510.491869918,4535975.463414635,,,,,OpenMP,RTX2080,52,47,71,333,192,118,525,3613.3876009149667,63.54929577464789,229628.23739899058
MatrixMultiplication,OpenMP,2048,77940392.92154291,13605395.411764717,69512589.13725491,,,,,OpenMP,RTX2080,52,47,71,333,192,118,525,3613.3876009149667,63.54929577464789,229628.23739899058
MatrixMultiplication,OpenMP,4096,690622939.6666579,55016950.83333328,655481890.8333334,,,,,OpenMP,RTX2080,52,47,71,333,192,118,525,3613.3876009149667,63.54929577464789,229628.23739899058
MatrixMultiplication,OpenMP,8192,6263256586.000353,215542714.99999976,6118366688.0,,,,,OpenMP,RTX2080,52,47,71,333,192,118,525,3613.3876009149667,63.54929577464789,229628.23739899058
MatrixMultiplication,Vulkan,32,1653998.6886078925,1602854.6632911393,266895.8,,,,,Vulkan,RTX2080,266,93,225,1749,978,318,2727,22669.231819060435,202.12,4581905.135268495
MatrixMultiplication,Vulkan,64,1705863.7459587234,1645143.6859122403,271714.1963048499,,,,,Vulkan,RTX2080,266,93,225,1749,978,318,2727,22669.231819060435,202.12,4581905.135268495
MatrixMultiplication,Vulkan,128,1906707.769225689,1820054.8753315655,284371.52519893897,,,,,Vulkan,RTX2080,266,93,225,1749,978,318,2727,22669.231819060435,202.12,4581905.135268495
MatrixMultiplication,Vulkan,256,2722672.7636298165,2508790.399999999,329049.66909090907,,,,,Vulkan,RTX2080,266,93,225,1749,978,318,2727,22669.231819060435,202.12,4581905.135268495
MatrixMultiplication,Vulkan,512,6189477.471061088,5404401.89256199,525026.479338843,,,,,Vulkan,RTX2080,266,93,225,1749,978,318,2727,22669.231819060435,202.12,4581905.135268495
MatrixMultiplication,Vulkan,1024,17086325.24141335,12490061.620689671,2845895.379310345,,,,,Vulkan,RTX2080,266,93,225,1749,978,318,2727,22669.231819060435,202.12,4581905.135268495
MatrixMultiplication,Vulkan,2048,94062628.90006474,65500951.09999994,20949802.1,,,,,Vulkan,RTX2080,266,93,225,1749,978,318,2727,22669.231819060435,202.12,4581905.135268495
MatrixMultiplication,Vulkan,4096,512170432.00085753,355552804.00000024,126171406.5,,,,,Vulkan,RTX2080,266,93,225,1749,978,318,2727,22669.231819060435,202.12,4581905.135268495
MatrixMultiplication,Vulkan,8192,2566473259.0012136,1407049680.9999983,1039213456.0,,,,,Vulkan,RTX2080,266,93,225,1749,978,318,2727,22669.231819060435,202.12,4581905.135268495
MatrixMultiplication,AdaptiveCpp,32,108164.35181117788,56791.53007874016,34924.102047244094,,,,Naive,AdaptiveCpp[Naive],RTX2080,67,61,85,474,241,146,715,5140.724559599213,86.4764705882353,444551.71618040017
MatrixMultiplication,AdaptiveCpp,64,196117.3697203542,97276.90396361276,61581.694087069525,,,,Naive,AdaptiveCpp[Naive],RTX2080,67,61,85,474,241,146,715,5140.724559599213,86.4764705882353,444551.71618040017
MatrixMultiplication,AdaptiveCpp,128,171393.54252184683,153926.06744868038,107577.36611775322,,,,Naive,AdaptiveCpp[Naive],RTX2080,67,61,85,474,241,146,715,5140.724559599213,86.4764705882353,444551.71618040017
MatrixMultiplication,AdaptiveCpp,256,769949.5985400481,725094.7601668398,607159.6579770595,,,,Naive,AdaptiveCpp[Naive],RTX2080,67,61,85,474,241,146,715,5140.724559599213,86.4764705882353,444551.71618040017
MatrixMultiplication,AdaptiveCpp,512,3982615.8032662873,3881374.6721311496,3414333.2021857924,,,,Naive,AdaptiveCpp[Naive],RTX2080,67,61,85,474,241,146,715,5140.724559599213,86.4764705882353,444551.71618040017
MatrixMultiplication,AdaptiveCpp,1024,29254826.083312463,28505517.458333295,25532249.333333332,,,,Naive,AdaptiveCpp[Naive],RTX2080,67,61,85,474,241,146,715,5140.724559599213,86.4764705882353,444551.71618040017
MatrixMultiplication,AdaptiveCpp,2048,213363931.3336365,210328722.3333332,197394165.33333337,,,,Naive,AdaptiveCpp[Naive],RTX2080,67,61,85,474,241,146,715,5140.724559599213,86.4764705882353,444551.71618040017
MatrixMultiplication,AdaptiveCpp,4096,1628863121.0009043,1612037108.000001,1561764736.0,,,,Naive,AdaptiveCpp[Naive],RTX2080,67,61,85,474,241,146,715,5140.724559599213,86.4764705882353,444551.71618040017
MatrixMultiplication,AdaptiveCpp,8192,12815531131.996977,12771555840.0,12573147136.0,,,,Naive,AdaptiveCpp[Naive],RTX2080,67,61,85,474,241,146,715,5140.724559599213,86.4764705882353,444551.71618040017
MatrixMultiplication,AdaptiveCpp,32,89401.4958563951,39661.062839580656,18143.40113056363,,,,SharedMemory,AdaptiveCpp[SharedMemory],RTX2080,94,65,102,618,326,167,944,6970.216852095505,103.87254901960785,724014.191646587
MatrixMultiplication,AdaptiveCpp,64,167847.48534046987,64059.35516463673,28702.79043752819,,,,SharedMemory,AdaptiveCpp[SharedMemory],RTX2080,94,65,102,618,326,167,944,6970.216852095505,103.87254901960785,724014.191646587
MatrixMultiplication,AdaptiveCpp,128,116251.85258653254,98554.83941200915,52608.81209263625,,,,SharedMemory,AdaptiveCpp[SharedMemory],RTX2080,94,65,102,618,326,167,944,6970.216852095505,103.87254901960785,724014.191646587
MatrixMultiplication,AdaptiveCpp,256,262389.98753441975,233986.17970914103,106699.94459833796,,,,SharedMemory,AdaptiveCpp[SharedMemory],RTX2080,94,65,102,618,326,167,944,6970.216852095505,103.87254901960785,724014.191646587
MatrixMultiplication,AdaptiveCpp,512,987829.6148566948,906245.7496561249,443200.7922971114,,,,SharedMemory,AdaptiveCpp[SharedMemory],RTX2080,94,65,102,618,326,167,944,6970.216852095505,103.87254901960785,724014.191646587
MatrixMultiplication,AdaptiveCpp,1024,5067072.051296679,4367416.416666668,3043269.7435897435,,,,SharedMemory,AdaptiveCpp[SharedMemory],RTX2080,94,65,102,618,326,167,944,6970.216852095505,103.87254901960785,724014.191646587
MatrixMultiplication,AdaptiveCpp,2048,38193521.19990072,35207115.75000028,22900433.6,,,,SharedMemory,AdaptiveCpp[SharedMemory],RTX2080,94,65,102,618,326,167,944,6970.216852095505,103.87254901960785,724014.191646587
MatrixMultiplication,AdaptiveCpp,4096,241322933.3324125,229631287.3333335,179961301.33333334,,,,SharedMemory,AdaptiveCpp[SharedMemory],RTX2080,94,65,102,618,326,167,944,6970.216852095505,103.87254901960785,724014.191646587
MatrixMultiplication,AdaptiveCpp,8192,1719031794.0003295,1669361643.000002,1472254848.0,,,,SharedMemory,AdaptiveCpp[SharedMemory],RTX2080,94,65,102,618,326,167,944,6970.216852095505,103.87254901960785,724014.191646587
MatrixMultiplication,CPP,32,2524.802079833538,2525.0019744369965,2442.7448139445064,,,,,CPP,RTX2080,48,45,59,292,160,104,452,3028.5987525997734,61.01694915254237,184795.8560908336
MatrixMultiplication,CPP,64,16584.491140918602,16580.915643554985,16366.337070943628,,,,,CPP,RTX2080,48,45,59,292,160,104,452,3028.5987525997734,61.01694915254237,184795.8560908336
MatrixMultiplication,CPP,128,123019.0996615984,122999.5047161416,121623.23580708313,,,,,CPP,RTX2080,48,45,59,292,160,104,452,3028.5987525997734,61.01694915254237,184795.8560908336
MatrixMultiplication,CPP,256,1209657.3126072362,1209436.0172711578,1136246.207253886,,,,,CPP,RTX2080,48,45,59,292,160,104,452,3028.5987525997734,61.01694915254237,184795.8560908336
MatrixMultiplication,CPP,512,9483192.635122355,9483750.621621627,9117501.783783784,,,,,CPP,RTX2080,48,45,59,292,160,104,452,3028.5987525997734,61.01694915254237,184795.8560908336
MatrixMultiplication,CPP,1024,73852763.11106282,73855291.0,72224148.0,,,,,CPP,RTX2080,48,45,59,292,160,104,452,3028.5987525997734,61.01694915254237,184795.8560908336
MatrixMultiplication,CPP,2048,604733315.0017948,604545851.0000001,595409492.0,,,,,CPP,RTX2080,48,45,59,292,160,104,452,3028.5987525997734,61.01694915254237,184795.8560908336
MatrixMultiplication,CPP,4096,4897388477.998902,4896786283.999999,4859730923.0,,,,,CPP,RTX2080,48,45,59,292,160,104,452,3028.5987525997734,61.01694915254237,184795.8560908336
MatrixMultiplication,CPP,8192,43920374086.9998,43912568787.0,43774481361.0,,,,,CPP,RTX2080,48,45,59,292,160,104,452,3028.5987525997734,61.01694915254237,184795.8560908336
MatrixMultiplication,OpenCL,32,67526.75241512708,67431.14963292117,5260.423493044822,,,,,OpenCL,RTX2080,195,89,112,1157,501,201,1658,12685.443703974664,199.05803571428572,2525139.5058773495
MatrixMultiplication,OpenCL,64,73502.93186149617,73398.8975279949,7373.251637439256,,,,,OpenCL,RTX2080,195,89,112,1157,501,201,1658,12685.443703974664,199.05803571428572,2525139.5058773495
MatrixMultiplication,OpenCL,128,100277.08403604152,100194.2583964556,11927.40202944119,,,,,OpenCL,RTX2080,195,89,112,1157,501,201,1658,12685.443703974664,199.05803571428572,2525139.5058773495
MatrixMultiplication,OpenCL,256,219239.8515602704,219044.20926567895,40434.56665616136,,,,,OpenCL,RTX2080,195,89,112,1157,501,201,1658,12685.443703974664,199.05803571428572,2525139.5058773495
MatrixMultiplication,OpenCL,512,812606.0778148576,812193.7944250876,226417.20789779327,,,,,OpenCL,RTX2080,195,89,112,1157,501,201,1658,12685.443703974664,199.05803571428572,2525139.5058773495
MatrixMultiplication,OpenCL,1024,5713700.166658479,5711942.716666663,1858295.4666666663,,,,,OpenCL,RTX2080,195,89,112,1157,501,201,1658,12685.443703974664,199.05803571428572,2525139.5058773495
MatrixMultiplication,OpenCL,2048,31361726.90905038,31351779.772727262,14727445.818181818,,,,,OpenCL,RTX2080,195,89,112,1157,501,201,1658,12685.443703974664,199.05803571428572,2525139.5058773495
MatrixMultiplication,OpenCL,4096,192621884.50011307,192599975.75000033,117694280.0,,,,,OpenCL,RTX2080,195,89,112,1157,501,201,1658,12685.443703974664,199.05803571428572,2525139.5058773495
MatrixMultiplication,OpenCL,8192,1277652744.0000792,1277450852.9999976,986720096.0,,,,,OpenCL,RTX2080,195,89,112,1157,501,201,1658,12685.443703974664,199.05803571428572,2525139.5058773495
MatrixMultiplication,Boost,32,77393.94946130773,77278.57236476731,5145.523936465623,,,,,Boost,RTX2080,106,57,97,618,356,154,974,7077.850090636834,104.59793814432989,740328.5259752712
MatrixMultiplication,Boost,64,85572.50704208534,85482.53741579913,7415.503245560319,,,,,Boost,RTX2080,106,57,97,618,356,154,974,7077.850090636834,104.59793814432989,740328.5259752712
MatrixMultiplication,Boost,128,112075.1611389486,111989.29477430836,12008.00388286685,,,,,Boost,RTX2080,106,57,97,618,356,154,974,7077.850090636834,104.59793814432989,740328.5259752712
MatrixMultiplication,Boost,256,218499.31513437783,218169.3381226054,40669.8135376756,,,,,Boost,RTX2080,106,57,97,618,356,154,974,7077.850090636834,104.59793814432989,740328.5259752712
MatrixMultiplication,Boost,512,791910.4810115817,791272.8837744544,226923.56271576523,,,,,Boost,RTX2080,106,57,97,618,356,154,974,7077.850090636834,104.59793814432989,740328.5259752712
MatrixMultiplication,Boost,1024,3522572.050246366,3521606.939698495,1858987.0954773868,,,,,Boost,RTX2080,106,57,97,618,356,154,974,7077.850090636834,104.59793814432989,740328.5259752712
MatrixMultiplication,Boost,2048,20801658.242403805,20798300.93939393,14776646.787878787,,,,,Boost,RTX2080,106,57,97,618,356,154,974,7077.850090636834,104.59793814432989,740328.5259752712
MatrixMultiplication,Boost,4096,153226452.5994833,153214442.59999985,117832934.4,,,,,Boost,RTX2080,106,57,97,618,356,154,974,7077.850090636834,104.59793814432989,740328.5259752712
MatrixMultiplication,Boost,8192,1115859976.001957,1115781387.0000002,976600608.0,,,,,Boost,RTX2080,106,57,97,618,356,154,974,7077.850090636834,104.59793814432989,740328.5259752712
MatrixMultiplication,Kokkos,32,42816.37868857435,42813.28090301209,6644.123673394271,,,,,Kokkos,RTX2080,64,50,74,448,254,124,702,4881.845809891586,85.8108108108108,418915.14720015635
MatrixMultiplication,Kokkos,64,51491.45273905788,51483.25232822469,8930.16037251595,,,,,Kokkos,RTX2080,64,50,74,448,254,124,702,4881.845809891586,85.8108108108108,418915.14720015635
MatrixMultiplication,Kokkos,128,77997.658668006,77993.95442020669,13317.02411021814,,,,,Kokkos,RTX2080,64,50,74,448,254,124,702,4881.845809891586,85.8108108108108,418915.14720015635
MatrixMultiplication,Kokkos,256,177360.37322815956,177352.87120445343,42468.326670040486,,,,,Kokkos,RTX2080,64,50,74,448,254,124,702,4881.845809891586,85.8108108108108,418915.14720015635
MatrixMultiplication,Kokkos,512,795544.7958967226,795497.7696693275,230349.06157354615,,,,,Kokkos,RTX2080,64,50,74,448,254,124,702,4881.845809891586,85.8108108108108,418915.14720015635
MatrixMultiplication,Kokkos,1024,5204022.708977703,5202704.037313434,1870477.9925373136,,,,,Kokkos,RTX2080,64,50,74,448,254,124,702,4881.845809891586,85.8108108108108,418915.14720015635
MatrixMultiplication,Kokkos,2048,28478997.92002863,28475573.360000014,14944814.68,,,,,Kokkos,RTX2080,64,50,74,448,254,124,702,4881.845809891586,85.8108108108108,418915.14720015635
MatrixMultiplication,Kokkos,4096,174997611.25054646,174959605.4999998,119133481.5,,,,,Kokkos,RTX2080,64,50,74,448,254,124,702,4881.845809891586,85.8108108108108,418915.14720015635
MatrixMultiplication,Kokkos,8192,1206507593.9972303,1206387054.9999986,987389875.0,,,,,Kokkos,RTX2080,64,50,74,448,254,124,702,4881.845809891586,85.8108108108108,418915.14720015635
MatrixMultiplication,Cublas,32,22753.21712933784,22751.197693628324,5562.242908377152,,,,,Cublas,RTX2080,66,47,55,374,180,102,554,3696.5236394522085,76.90909090909092,284296.2726342335
MatrixMultiplication,Cublas,64,28758.929777305064,28756.971101573672,5254.406554785464,,,,,Cublas,RTX2080,66,47,55,374,180,102,554,3696.5236394522085,76.90909090909092,284296.2726342335
MatrixMultiplication,Cublas,128,52874.90464174645,52868.952766431496,6202.263194297133,,,,,Cublas,RTX2080,66,47,55,374,180,102,554,3696.5236394522085,76.90909090909092,284296.2726342335
MatrixMultiplication,Cublas,256,146300.3955562202,146291.148255814,23698.07973508707,,,,,Cublas,RTX2080,66,47,55,374,180,102,554,3696.5236394522085,76.90909090909092,284296.2726342335
MatrixMultiplication,Cublas,512,552935.761453338,552746.2164296996,43769.88315080862,,,,,Cublas,RTX2080,66,47,55,374,180,102,554,3696.5236394522085,76.90909090909092,284296.2726342335
MatrixMultiplication,Cublas,1024,3525531.758800273,3525204.859296483,234770.97439706023,,,,,Cublas,RTX2080,66,47,55,374,180,102,554,3696.5236394522085,76.90909090909092,284296.2726342335
MatrixMultiplication,Cublas,2048,15526712.822207224,15524018.777777769,1620239.641931322,,,,,Cublas,RTX2080,66,47,55,374,180,102,554,3696.5236394522085,76.90909090909092,284296.2726342335
MatrixMultiplication,Cublas,4096,65502970.30007641,65496076.000000075,12333705.711364746,,,,,Cublas,RTX2080,66,47,55,374,180,102,554,3696.5236394522085,76.90909090909092,284296.2726342335
MatrixMultiplication,Cublas,8192,326722559.5009222,326671538.5000003,115124492.64526369,,,,,Cublas,RTX2080,66,47,55,374,180,102,554,3696.5236394522085,76.90909090909092,284296.2726342335
MatrixMultiplication,Cuda,32,657365.4835655119,656986.806572769,6360.548414167524,,,,Naive,Cuda[Naive],RTX2080,82,69,67,581,257,136,838,5939.293860967784,132.3358208955224,785981.3286309084
MatrixMultiplication,Cuda,64,667375.5552384093,667119.3580952393,8452.418962759632,,,,Naive,Cuda[Naive],RTX2080,82,69,67,581,257,136,838,5939.293860967784,132.3358208955224,785981.3286309084
MatrixMultiplication,Cuda,128,686971.8558828383,686705.6647058821,13487.15293969886,,,,Naive,Cuda[Naive],RTX2080,82,69,67,581,257,136,838,5939.293860967784,132.3358208955224,785981.3286309084
MatrixMultiplication,Cuda,256,791634.4372877235,791098.6214689271,48606.9875753532,,,,Naive,Cuda[Naive],RTX2080,82,69,67,581,257,136,838,5939.293860967784,132.3358208955224,785981.3286309084
MatrixMultiplication,Cuda,512,1267850.7212205543,1267192.3525179836,253402.12959286975,,,,Naive,Cuda[Naive],RTX2080,82,69,67,581,257,136,838,5939.293860967784,132.3358208955224,785981.3286309084
MatrixMultiplication,Cuda,1024,3885758.638878341,3885230.4611111186,2095362.1321254307,,,,Naive,Cuda[Naive],RTX2080,82,69,67,581,257,136,838,5939.293860967784,132.3358208955224,785981.3286309084
MatrixMultiplication,Cuda,2048,26601596.15390092,26598313.61538464,16620013.750516452,,,,Naive,Cuda[Naive],RTX2080,82,69,67,581,257,136,838,5939.293860967784,132.3358208955224,785981.3286309084
MatrixMultiplication,Cuda,4096,171439223.49987406,171401264.25000003,131780597.68676758,,,,Naive,Cuda[Naive],RTX2080,82,69,67,581,257,136,838,5939.293860967784,132.3358208955224,785981.3286309084
MatrixMultiplication,Cuda,8192,1253992727.9976838,1253932927.000001,1090497436.5234375,,,,Naive,Cuda[Naive],RTX2080,82,69,67,581,257,136,838,5939.293860967784,132.3358208955224,785981.3286309084
MatrixMultiplication,Cuda,32,663523.6587006958,663249.4340344198,6745.728507840981,,,,SharedMemory,Cuda[SharedMemory],RTX2080,132,79,103,994,486,182,1480,11111.536067494071,186.37864077669903,2070952.9892008125
MatrixMultiplication,Cuda,64,673332.3474073166,673111.0777351272,14004.483726054374,,,,SharedMemory,Cuda[SharedMemory],RTX2080,132,79,103,994,486,182,1480,11111.536067494071,186.37864077669903,2070952.9892008125
MatrixMultiplication,Cuda,128,700918.9461070978,700778.9221556878,25676.10381256618,,,,SharedMemory,Cuda[SharedMemory],RTX2080,132,79,103,994,486,182,1480,11111.536067494071,186.37864077669903,2070952.9892008125
MatrixMultiplication,Cuda,256,797886.3310599204,797452.5119453934,49323.54038858847,,,,SharedMemory,Cuda[SharedMemory],RTX2080,132,79,103,994,486,182,1480,11111.536067494071,186.37864077669903,2070952.9892008125
MatrixMultiplication,Cuda,512,1269967.3508122251,1269548.9963833615,257850.44460788128,,,,SharedMemory,Cuda[SharedMemory],RTX2080,132,79,103,994,486,182,1480,11111.536067494071,186.37864077669903,2070952.9892008125
MatrixMultiplication,Cuda,1024,3272244.831784188,3271634.6728972,1488706.3948907584,,,,SharedMemory,Cuda[SharedMemory],RTX2080,132,79,103,994,486,182,1480,11111.536067494071,186.37864077669903,2070952.9892008125
MatrixMultiplication,Cuda,2048,21268002.545460176,21264297.96969688,11306050.936381022,,,,SharedMemory,Cuda[SharedMemory],RTX2080,132,79,103,994,486,182,1480,11111.536067494071,186.37864077669903,2070952.9892008125
MatrixMultiplication,Cuda,4096,127813282.60025474,127804449.19999991,88645401.00097656,,,,SharedMemory,Cuda[SharedMemory],RTX2080,132,79,103,994,486,182,1480,11111.536067494071,186.37864077669903,2070952.9892008125
MatrixMultiplication,Cuda,8192,900790296.0001956,900739824.0000056,738791687.0117188,,,,SharedMemory,Cuda[SharedMemory],RTX2080,132,79,103,994,486,182,1480,11111.536067494071,186.37864077669903,2070952.9892008125
VecAdd,Alpaka,1000,58403.84034418342,58336.06802663745,4579.275309786732,,,,,Alpaka,RTX2080,83,44,96,487,295,140,782,5575.099319250964,67.60416666666666,376899.943561862
VecAdd,Alpaka,10000,75731.40311958305,75627.30986678219,4656.288097043214,,,,,Alpaka,RTX2080,83,44,96,487,295,140,782,5575.099319250964,67.60416666666666,376899.943561862
VecAdd,Alpaka,100000,232024.8207013929,231859.68781302177,6377.078130217028,,,,,Alpaka,RTX2080,83,44,96,487,295,140,782,5575.099319250964,67.60416666666666,376899.943561862
VecAdd,Alpaka,1000000,1559988.778526673,1559425.0067114094,32191.85682326622,,,,,Alpaka,RTX2080,83,44,96,487,295,140,782,5575.099319250964,67.60416666666666,376899.943561862
VecAdd,Alpaka,10000000,21535029.625056267,21527958.500000015,315962.21875,,,,,Alpaka,RTX2080,83,44,96,487,295,140,782,5575.099319250964,67.60416666666666,376899.943561862
VecAdd,Alpaka,100000000,210574804.33349457,210554889.3333336,3168168.3333333335,,,,,Alpaka,RTX2080,83,44,96,487,295,140,782,5575.099319250964,67.60416666666666,376899.943561862
VecAdd,OpenMP,1000,42688.557233633874,15758.781529884847,42079.34182507768,,,,,OpenMP,RTX2080,37,45,53,219,121,98,340,2249.001346999171,51.36792452830189,115526.53145670271
VecAdd,OpenMP,10000,82249.40506472168,25153.557111644404,80117.22074572871,,,,,OpenMP,RTX2080,37,45,53,219,121,98,340,2249.001346999171,51.36792452830189,115526.53145670271
VecAdd,OpenMP,100000,395120.70960926433,86850.28852377397,372243.9026636794,,,,,OpenMP,RTX2080,37,45,53,219,121,98,340,2249.001346999171,51.36792452830189,115526.53145670271
VecAdd,OpenMP,1000000,6286328.00365194,2506753.394160585,4589667.839416059,,,,,OpenMP,RTX2080,37,45,53,219,121,98,340,2249.001346999171,51.36792452830189,115526.53145670271
VecAdd,OpenMP,10000000,65848946.83328458,29055888.66666664,45989932.041666664,,,,,OpenMP,RTX2080,37,45,53,219,121,98,340,2249.001346999171,51.36792452830189,115526.53145670271
VecAdd,OpenMP,100000000,652943264.998612,291378214.4999999,439488809.5,,,,,OpenMP,RTX2080,37,45,53,219,121,98,340,2249.001346999171,51.36792452830189,115526.53145670271
VecAdd,Vulkan,1000,1596426.980390263,1547355.7777777775,258887.94335511985,,,,,Vulkan,RTX2080,206,92,198,1394,769,290,2163,17693.143361702303,178.65656565656565,3160996.228670996
VecAdd,Vulkan,10000,1740128.268232665,1673721.8611764708,265889.1482352941,,,,,Vulkan,RTX2080,206,92,198,1394,769,290,2163,17693.143361702303,178.65656565656565,3160996.228670996
VecAdd,Vulkan,100000,3010034.020000603,2769994.144,281970.256,,,,,Vulkan,RTX2080,206,92,198,1394,769,290,2163,17693.143361702303,178.65656565656565,3160996.228670996
VecAdd,Vulkan,1000000,13650592.516629936,11431641.583333334,455382.3,,,,,Vulkan,RTX2080,206,92,198,1394,769,290,2163,17693.143361702303,178.65656565656565,3160996.228670996
VecAdd,Vulkan,10000000,231773240.33410212,212001803.33333337,902042.0,,,,,Vulkan,RTX2080,206,92,198,1394,769,290,2163,17693.143361702303,178.65656565656565,3160996.228670996
VecAdd,Vulkan,100000000,2214616246.9980483,2022922890.0000012,3740809.0,,,,,Vulkan,RTX2080,206,92,198,1394,769,290,2163,17693.143361702303,178.65656565656565,3160996.228670996
VecAdd,AdaptiveCpp,1000,205923.91186351745,191186.82652490208,17976.380526021265,,,,,AdaptiveCpp,RTX2080,47,52,64,338,154,116,492,3374.126649602765,62.5625,211093.798515773
VecAdd,AdaptiveCpp,10000,232050.36792710575,215501.36136292585,34499.41106595811,,,,,AdaptiveCpp,RTX2080,47,52,64,338,154,116,492,3374.126649602765,62.5625,211093.798515773
VecAdd,AdaptiveCpp,100000,447926.88350016065,415270.4760496747,79460.0307510349,,,,,AdaptiveCpp,RTX2080,47,52,64,338,154,116,492,3374.126649602765,62.5625,211093.798515773
VecAdd,AdaptiveCpp,1000000,3954774.8755985033,3337763.698564595,337758.9282296651,,,,,AdaptiveCpp,RTX2080,47,52,64,338,154,116,492,3374.126649602765,62.5625,211093.798515773
VecAdd,AdaptiveCpp,10000000,41105977.523936115,33982563.04761907,2903902.476190476,,,,,AdaptiveCpp,RTX2080,47,52,64,338,154,116,492,3374.126649602765,62.5625,211093.798515773
VecAdd,AdaptiveCpp,100000000,408576513.50052035,339943039.4999996,22515312.0,,,,,AdaptiveCpp,RTX2080,47,52,64,338,154,116,492,3374.126649602765,62.5625,211093.798515773
VecAdd,CPP,1000,131.1321596247605,131.12086567980538,55.2185133732607,,,,,CPP,RTX2080,30,37,42,183,89,79,272,1714.628363504172,39.202380952380956,67217.51429784809
VecAdd,CPP,10000,1645.515037958839,1645.1447983693697,873.3377069144271,,,,,CPP,RTX2080,30,37,42,183,89,79,272,1714.628363504172,39.202380952380956,67217.51429784809
VecAdd,CPP,100000,130473.98435489356,130381.9383497858,7957.542745390203,,,,,CPP,RTX2080,30,37,42,183,89,79,272,1714.628363504172,39.202380952380956,67217.51429784809
VecAdd,CPP,1000000,1666572.007144125,1666447.8809523818,162886.5,,,,,CPP,RTX2080,30,37,42,183,89,79,272,1714.628363504172,39.202380952380956,67217.51429784809
VecAdd,CPP,10000000,23601122.23335212,23599796.66666668,3630425.0,,,,,CPP,RTX2080,30,37,42,183,89,79,272,1714.628363504172,39.202380952380956,67217.51429784809
VecAdd,CPP,100000000,249223919.333114,249145041.33333328,36508988.333333336,,,,,CPP,RTX2080,30,37,42,183,89,79,272,1714.628363504172,39.202380952380956,67217.51429784809
VecAdd,OpenCL,1000,61239.96805519373,61127.47619464381,3063.5925083143707,,,,,OpenCL,RTX2080,143,82,96,894,369,178,1263,9441.85132331056,157.59375,1487976.7569829735
VecAdd,OpenCL,10000,76319.69744310978,76197.65286276223,2967.1783216783215,,,,,OpenCL,RTX2080,143,82,96,894,369,178,1263,9441.85132331056,157.59375,1487976.7569829735
VecAdd,OpenCL,100000,253973.2568300493,253775.87285974505,3940.033515482696,,,,,OpenCL,RTX2080,143,82,96,894,369,178,1263,9441.85132331056,157.59375,1487976.7569829735
VecAdd,OpenCL,1000000,3757936.25807414,3757056.580645161,28321.032258064515,,,,,OpenCL,RTX2080,143,82,96,894,369,178,1263,9441.85132331056,157.59375,1487976.7569829735
VecAdd,OpenCL,10000000,54674881.08358035,54666791.41666668,308730.6666666667,,,,,OpenCL,RTX2080,143,82,96,894,369,178,1263,9441.85132331056,157.59375,1487976.7569829735
VecAdd,OpenCL,100000000,535347806.9991979,535274227.0000003,3056480.0,,,,,OpenCL,RTX2080,143,82,96,894,369,178,1263,9441.85132331056,157.59375,1487976.7569829735
VecAdd,Boost,1000,72301.70934315526,71957.35972528184,14277.310353764417,,,,,Boost,RTX2080,49,51,57,322,187,108,509,3438.2377386012054,83.65789473684211,287635.7308161377
VecAdd,Boost,10000,99031.86791280052,98216.31024682132,23466.907105459984,,,,,Boost,RTX2080,49,51,57,322,187,108,509,3438.2377386012054,83.65789473684211,287635.7308161377
VecAdd,Boost,100000,291584.1111116382,288703.305041152,53592.46502057613,,,,,Boost,RTX2080,49,51,57,322,187,108,509,3438.2377386012054,83.65789473684211,287635.7308161377
VecAdd,Boost,1000000,2017253.1167261533,1998157.988326848,336405.4085603113,,,,,Boost,RTX2080,49,51,57,322,187,108,509,3438.2377386012054,83.65789473684211,287635.7308161377
VecAdd,Boost,10000000,36861293.06265684,36559536.49999999,4816589.5,,,,,Boost,RTX2080,49,51,57,322,187,108,509,3438.2377386012054,83.65789473684211,287635.7308161377
VecAdd,Boost,100000000,358508364.9995795,355819391.9999999,38716104.5,,,,,Boost,RTX2080,49,51,57,322,187,108,509,3438.2377386012054,83.65789473684211,287635.7308161377
VecAdd,Kokkos,1000,47703.532597701866,47700.00756182301,12439.406090333128,,,,,Kokkos,RTX2080,45,43,53,299,157,96,456,3002.742900328847,63.68867924528302,191240.72943509478
VecAdd,Kokkos,10000,68432.03593681769,68427.26957355057,13099.103114518448,,,,,Kokkos,RTX2080,45,43,53,299,157,96,456,3002.742900328847,63.68867924528302,191240.72943509478
VecAdd,Kokkos,100000,240497.93890508532,240480.36797752813,14412.465941011236,,,,,Kokkos,RTX2080,45,43,53,299,157,96,456,3002.742900328847,63.68867924528302,191240.72943509478
VecAdd,Kokkos,1000000,2916924.7363055754,2916306.05472637,84899.25870646766,,,,,Kokkos,RTX2080,45,43,53,299,157,96,456,3002.742900328847,63.68867924528302,191240.72943509478
VecAdd,Kokkos,10000000,54384840.41648432,54377380.583333336,523075.3333333333,,,,,Kokkos,RTX2080,45,43,53,299,157,96,456,3002.742900328847,63.68867924528302,191240.72943509478
VecAdd,Kokkos,100000000,549499605.0001646,549476486.0000006,4372603.0,,,,,Kokkos,RTX2080,45,43,53,299,157,96,456,3002.742900328847,63.68867924528302,191240.72943509478
VecAdd,Cuda,1000000,2711597.550785427,2711396.2265624995,32596.87488753116,,,,,Cuda,RTX2080,76,61,48,399,172,109,571,3864.6332494476246,109.29166666666667,422372.2088875467
VecAdd,Cuda,10000000,31398162.27270454,31391434.13636363,314098.91085191205,,,,,Cuda,RTX2080,76,61,48,399,172,109,571,3864.6332494476246,109.29166666666667,422372.2088875467
VecAdd,Cuda,100000000,325771894.4987573,325737525.99999994,3302608.013153076,,,,,Cuda,RTX2080,76,61,48,399,172,109,571,3864.6332494476246,109.29166666666667,422372.2088875467
VecAdd,Cublas,1000000,3059125.6184204225,3058265.9254385987,34574.03506495451,,,,,Cublas,RTX2080,66,48,47,368,159,95,527,3462.3139055904094,81.19148936170212,281110.42263261706
VecAdd,Cublas,10000000,31268273.68181363,31265028.909090914,313909.8178256642,,,,,Cublas,RTX2080,66,48,47,368,159,95,527,3462.3139055904094,81.19148936170212,281110.42263261706
VecAdd,Cublas,100000000,316149608.4994724,316111783.4999998,3119440.0787353516,,,,,Cublas,RTX2080,66,48,47,368,159,95,527,3462.3139055904094,81.19148936170212,281110.42263261706
NBody,Alpaka,10,16626879.047613502,16624246.047619045,,4216571.761904762,4078857.0714285714,5853002.095238095,,Alpaka,RTX2080,246,55,164,1558,969,219,2527,19646.886899612167,162.48475609756096,3192319.6259598485
NBody,Alpaka,100,32217606.545435213,32215200.409090903,,4340125.363636363,4209694.045454546,21170237.818181816,,Alpaka,RTX2080,246,55,164,1558,969,219,2527,19646.886899612167,162.48475609756096,3192319.6259598485
NBody,Alpaka,1000,726714826.9966128,726695153.9999998,,6566434.0,5559130.0,711534786.0,,Alpaka,RTX2080,246,55,164,1558,969,219,2527,19646.886899612167,162.48475609756096,3192319.6259598485
NBody,Alpaka,10000,8516409347.001172,8515932253.999999,,6816005.0,5475610.0,8500729632.0,,Alpaka,RTX2080,246,55,164,1558,969,219,2527,19646.886899612167,162.48475609756096,3192319.6259598485
NBody,OpenMP,10,81499131.11530903,27292286.307692304,,38495303.76923077,14014281.038461538,28888581.807692308,,OpenMP,RTX2080,204,67,120,1266,728,187,1994,15048.507553015947,203.23333333333332,3058358.351691274
NBody,OpenMP,100,290983863.20001733,27030963.99999998,,40313293.4,17046022.7,233524369.1,,OpenMP,RTX2080,204,67,120,1266,728,187,1994,15048.507553015947,203.23333333333332,3058358.351691274
NBody,OpenMP,1000,2205316541.2999077,33016539.800000012,,41216996.9,20583035.6,2143367317.4,,OpenMP,RTX2080,204,67,120,1266,728,187,1994,15048.507553015947,203.23333333333332,3058358.351691274
NBody,OpenMP,10000,28318407416.998524,100858771.99999982,,161438599.0,174850139.0,27981122084.0,,OpenMP,RTX2080,204,67,120,1266,728,187,1994,15048.507553015947,203.23333333333332,3058358.351691274
NBody,Vulkan,10,1403690912.0004566,1330339586.0,,297111962.0,280481972.0,284686829.0,,Vulkan,RTX2080,365,93,256,2336,1354,349,3690,31169.73710471362,245.94140625,7665928.97597607
NBody,Vulkan,100,1485006081.9990177,1395272219.9999998,,311613533.0,323597418.0,329675583.0,,Vulkan,RTX2080,365,93,256,2336,1354,349,3690,31169.73710471362,245.94140625,7665928.97597607
NBody,Vulkan,1000,1729808537.0021,1489782925.0,,340052155.0,338646607.0,520750153.0,,Vulkan,RTX2080,365,93,256,2336,1354,349,3690,31169.73710471362,245.94140625,7665928.97597607
NBody,Vulkan,10000,2795447046.99947,1380339860.0000002,,312826810.0,295400156.0,1646503892.0,,Vulkan,RTX2080,365,93,256,2336,1354,349,3690,31169.73710471362,245.94140625,7665928.97597607
NBody,AdaptiveCpp,10,38197838.02945869,20297786.55882353,,3375906.8235294116,2913903.0588235296,3987180.2352941176,,AdaptiveCpp,RTX2080,201,69,139,1331,749,208,2080,16016.91461373347,185.90287769784175,2977590.5185336675
NBody,AdaptiveCpp,100,50287576.47613973,32915096.428571414,,3388449.523809524,2929583.238095238,16433561.904761905,,AdaptiveCpp,RTX2080,201,69,139,1331,749,208,2080,16016.91461373347,185.90287769784175,2977590.5185336675
NBody,AdaptiveCpp,1000,174866235.59962028,156749509.5999999,,3482918.4,2986540.8,140019718.4,,AdaptiveCpp,RTX2080,201,69,139,1331,749,208,2080,16016.91461373347,185.90287769784175,2977590.5185336675
NBody,AdaptiveCpp,10000,1432473326.0000358,1402961654.9999995,,4961024.0,5844640.0,1384290624.0,,AdaptiveCpp,RTX2080,201,69,139,1331,749,208,2080,16016.91461373347,185.90287769784175,2977590.5185336675
NBody,CPP,10,604550.210157624,604498.734676007,,402807.53415061295,16448.359019264448,151287.8476357268,,CPP,RTX2080,107,53,100,674,366,153,1040,7547.683356400358,96.99000000000001,732049.8087372708
NBody,CPP,100,14856989.680838332,14856823.978723405,,217213.0,81239.36170212766,14524573.0,,CPP,RTX2080,107,53,100,674,366,153,1040,7547.683356400358,96.99000000000001,732049.8087372708
NBody,CPP,1000,1461081034.9986422,1460776541.9999998,,1148279.0,867175.0,1458999447.0,,CPP,RTX2080,107,53,100,674,366,153,1040,7547.683356400358,96.99000000000001,732049.8087372708
NBody,CPP,10000,145726015733.99878,145711430239.0,,11149245.0,8853762.0,145705640401.0,,CPP,RTX2080,107,53,100,674,366,153,1040,7547.683356400358,96.99000000000001,732049.8087372708
NBody,OpenCL,10,16129495.627886403,16128528.581395349,,1.848770730405608e+19,79.62790697674419,1.8446221256850791e+22,,OpenCL,RTX2080,341,95,175,2060,925,270,2985,24109.294557196732,251.07142857142856,6053155.026324751
NBody,OpenCL,100,26906969.115421254,26905011.807692304,,1.8446744073474036e+19,96000.0,1.8446650248717048e+22,,OpenCL,RTX2080,341,95,175,2060,925,270,2985,24109.294557196732,251.07142857142856,6053155.026324751
NBody,OpenCL,1000,149032190.80006236,149022143.40000004,,1.8446744073474044e+19,992000.0,1.844665024871704e+22,,OpenCL,RTX2080,341,95,175,2060,925,270,2985,24109.294557196732,251.07142857142856,6053155.026324751
NBody,OpenCL,10000,1467707243.0022235,1467637819.0000002,,1.8446744073484272e+19,9984000.0,1.8446650248717043e+22,,OpenCL,RTX2080,341,95,175,2060,925,270,2985,24109.294557196732,251.07142857142856,6053155.026324751
NBody,Boost,10,31542261.40908246,31540960.227272738,,2767543.272727273,2641336.727272727,4704370.909090909,,Boost,RTX2080,243,65,156,1434,861,221,2295,17873.236373803335,179.375,3206011.774550973
NBody,Boost,100,44062203.43753375,44061446.812499985,,2913100.0,2628358.0,17245042.0,,Boost,RTX2080,243,65,156,1434,861,221,2295,17873.236373803335,179.375,3206011.774550973
NBody,Boost,1000,167143365.25001273,167130892.50000003,,2904776.0,2655888.0,140104768.0,,Boost,RTX2080,243,65,156,1434,861,221,2295,17873.236373803335,179.375,3206011.774550973
NBody,Boost,10000,1488481920.0015044,1488406932.0000002,,3308448.0,3192160.0,1460415872.0,,Boost,RTX2080,243,65,156,1434,861,221,2295,17873.236373803335,179.375,3206011.774550973
NBody,Kokkos,10,11797020.898345595,11796901.762711866,,1076381.7288135593,4214831.542372881,6226550.06779661,,Kokkos,RTX2080,213,72,134,1290,700,206,1990,15296.136049094604,188.05970149253733,2876586.7793819704
NBody,Kokkos,100,13985245.520016178,13984742.080000006,,1080970.1,4197742.92,8425785.04,,Kokkos,RTX2080,213,72,134,1290,700,206,1990,15296.136049094604,188.05970149253733,2876586.7793819704
NBody,Kokkos,1000,149637953.400088,149633443.0,,1078468.0,4421737.8,143833500.2,,Kokkos,RTX2080,213,72,134,1290,700,206,1990,15296.136049094604,188.05970149253733,2876586.7793819704
NBody,Kokkos,10000,13364878452.9978,13364315728.999998,,1100486.0,7254846.0,13355881842.0,,Kokkos,RTX2080,213,72,134,1290,700,206,1990,15296.136049094604,188.05970149253733,2876586.7793819704
NBody,Cuda,10,22747370.258002773,22747225.83870968,,2804309.681373378,2674296.764769561,70.2263489065151,,Cuda,RTX2080,210,72,126,1507,699,198,2206,16830.360703895618,199.71428571428572,3361263.4662922965
NBody,Cuda,100,30920503.260858823,30919250.695652176,,2805242.433971928,2662952.3325144597,201.01674435708833,,Cuda,RTX2080,210,72,126,1507,699,198,2206,16830.360703895618,199.71428571428572,3361263.4662922965
NBody,Cuda,1000,207509913.33382747,207499542.6666666,,4389290.629265209,3737621.3680642345,2981.6856005986533,,Cuda,RTX2080,210,72,126,1507,699,198,2206,16830.360703895618,199.71428571428572,3361263.4662922965
NBody,Cuda,10000,1862441282.999498,1862332420.0,,4600480.008870363,3815616.010921076,29424.93560409546,,Cuda,RTX2080,210,72,126,1507,699,198,2206,16830.360703895618,199.71428571428572,3361263.4662922965
MatrixMultiplication,OpenACC,32,19996.91034800639,19995.309234873912,19542.152738330893,,,,,OpenACC,RTX2080,56,55,67,340,195,122,535,3707.9444755961445,80.03731343283583,296773.9141848407
MatrixMultiplication,OpenACC,64,27965.799034884247,27965.09555600241,26559.964448019306,,,,,OpenACC,RTX2080,56,55,67,340,195,122,535,3707.9444755961445,80.03731343283583,296773.9141848407
MatrixMultiplication,OpenACC,128,59483.92320024154,59476.576630618445,53767.47718823927,,,,,OpenACC,RTX2080,56,55,67,340,195,122,535,3707.9444755961445,80.03731343283583,296773.9141848407
MatrixMultiplication,OpenACC,256,172689.50147637064,172682.09547244088,158769.5593011811,,,,,OpenACC,RTX2080,56,55,67,340,195,122,535,3707.9444755961445,80.03731343283583,296773.9141848407
MatrixMultiplication,OpenACC,512,806976.8648967793,806946.5288683607,742431.6662817552,,,,,OpenACC,RTX2080,56,55,67,340,195,122,535,3707.9444755961445,80.03731343283583,296773.9141848407
MatrixMultiplication,OpenACC,1024,5703625.926247189,5703476.418032783,3806924.5655737706,,,,,OpenACC,RTX2080,56,55,67,340,195,122,535,3707.9444755961445,80.03731343283583,296773.9141848407
MatrixMultiplication,OpenACC,2048,71917493.22211964,71912455.00000006,62979576.333333336,,,,,OpenACC,RTX2080,56,55,67,340,195,122,535,3707.9444755961445,80.03731343283583,296773.9141848407
MatrixMultiplication,OpenACC,4096,729860425.9995046,729798813.0000004,690237720.0,,,,,OpenACC,RTX2080,56,55,67,340,195,122,535,3707.9444755961445,80.03731343283583,296773.9141848407
MatrixMultiplication,OpenACC,8192,6939621222.99854,6939365313.0,6788170879.0,,,,,OpenACC,RTX2080,56,55,67,340,195,122,535,3707.9444755961445,80.03731343283583,296773.9141848407
VecAdd,OpenACC,1000,13922.138758226938,13920.953390082745,13414.94235768002,,,,,OpenACC,RTX2080,41,52,52,246,123,104,369,2472.462255994063,61.5,152056.42874363487
VecAdd,OpenACC,10000,30634.70542139156,30632.194648800152,27059.23226484498,,,,,OpenACC,RTX2080,41,52,52,246,123,104,369,2472.462255994063,61.5,152056.42874363487
VecAdd,OpenACC,100000,168427.9942011617,168410.63276153657,146799.2246919546,,,,,OpenACC,RTX2080,41,52,52,246,123,104,369,2472.462255994063,61.5,152056.42874363487
VecAdd,OpenACC,1000000,2904307.622409013,2904022.05394191,1105354.9128630706,,,,,OpenACC,RTX2080,41,52,52,246,123,104,369,2472.462255994063,61.5,152056.42874363487
VecAdd,OpenACC,10000000,31525474.045503706,31521360.2727273,10355597.772727272,,,,,OpenACC,RTX2080,41,52,52,246,123,104,369,2472.462255994063,61.5,152056.42874363487
VecAdd,OpenACC,100000000,323504662.4995448,323470357.5000002,101385529.0,,,,,OpenACC,RTX2080,41,52,52,246,123,104,369,2472.462255994063,61.5,152056.42874363487
PolyhedralGravity,AdaptiveCpp,14744,251522.11737340092,188656.93679950183,,,,,,AdaptiveCpp,RTX2080,607,88,281,3765,2270,369,6035,51463.32373157449,355.44483985765123,18292372.86231196
PolyhedralGravity,AdaptiveCpp,255932,2316057.771080172,2168615.231927711,,,,,,AdaptiveCpp,RTX2080,607,88,281,3765,2270,369,6035,51463.32373157449,355.44483985765123,18292372.86231196
PolyhedralGravity,OpenACC,14744,354251.7578367748,354222.9135135135,,,,,,OpenACC,RTX2080,570,86,252,3452,2022,338,5474,45986.414034208676,345.0238095238095,15866407.756421855
PolyhedralGravity,OpenACC,255932,4086669.122821335,4086073.011695907,,,,,,OpenACC,RTX2080,570,86,252,3452,2022,338,5474,45986.414034208676,345.0238095238095,15866407.756421855
PolyhedralGravity,Vulkan,14744,603871.4397996955,12065.142099999992,,,,,,Vulkan,RTX2080,1074,185,520,6021,3749,705,9770,92438.65419998574,666.8894230769231,61646360.76943569
PolyhedralGravity,Vulkan,14744,603871.4397996955,12065.142099999992,,,,,,Vulkan,RTX2080,1074,185,520,6021,3749,705,9770,92438.65419998574,666.8894230769231,61646360.76943569
PolyhedralGravity,Vulkan,255932,9591028.490998724,35314.23800000022,,,,,,Vulkan,RTX2080,1074,185,520,6021,3749,705,9770,92438.65419998574,666.8894230769231,61646360.76943569
PolyhedralGravity,Vulkan,255932,9591028.490998724,35314.23800000022,,,,,,Vulkan,RTX2080,1074,185,520,6021,3749,705,9770,92438.65419998574,666.8894230769231,61646360.76943569
PolyhedralGravity,OpenCL,14744,224892.37370428813,224853.9543393782,,,,,,OpenCL,RTX2080,764,96,352,4319,2748,448,7067,62241.57723418109,374.72727272727275,23323616.487208586
PolyhedralGravity,OpenCL,255932,3901966.3666771343,3901854.9523809543,,,,,,OpenCL,RTX2080,764,96,352,4319,2748,448,7067,62241.57723418109,374.72727272727275,23323616.487208586
PolyhedralGravity,Kokkos,14744,214618.22363172632,214590.8082276523,,,,,,Kokkos,RTX2080,551,89,250,3555,2010,339,5565,46774.61224235375,357.78,16735020.768069325
PolyhedralGravity,Kokkos,255932,1822498.3359497553,1822279.9088541665,,,,,,Kokkos,RTX2080,551,89,250,3555,2010,339,5565,46774.61224235375,357.78,16735020.768069325
PolyhedralGravity,Slang-Cuda,14744,148036.0998303991,148021.0975094977,,,,,,Slang-Cuda,RTX2080,807,100,344,4278,2730,444,7008,61631.26639138154,396.8023255813954,24455429.83262669
PolyhedralGravity,Slang-Cuda,255932,2006543.149451792,2005559.407608696,,,,,,Slang-Cuda,RTX2080,807,100,344,4278,2730,444,7008,61631.26639138154,396.8023255813954,24455429.83262669
PolyhedralGravity,Slang-Vulkan,14744,485268.3764001995,8806.955100000003,,,,,,Slang-Vulkan,RTX2080,922,183,509,5077,3201,692,8278,78099.85246837682,575.4253438113949,44940634.45823495
PolyhedralGravity,Slang-Vulkan,255932,9450041.510004668,27727.559999999987,,,,,,Slang-Vulkan,RTX2080,922,183,509,5077,3201,692,8278,78099.85246837682,575.4253438113949,44940634.45823495
PolyhedralGravity,CPP,14744,1814547.0861658603,1814384.342036554,,,,,,CPP,RTX2080,541,79,239,3262,1955,318,5217,43368.31037771848,323.10669456066944,14012591.414825795
PolyhedralGravity,CPP,255932,34082809.249957785,34078208.75000001,,,,,,CPP,RTX2080,541,79,239,3262,1955,318,5217,43368.31037771848,323.10669456066944,14012591.414825795
PolyhedralGravity,Cuda,14744,266543.19967598876,266756.4455245039,,,,,,Cuda,RTX2080,718,100,299,4218,2620,399,6838,59081.9948738884,438.12709030100336,25885422.50327552
PolyhedralGravity,Cuda,255932,2887817.875518665,2889847.2614107872,,,,,,Cuda,RTX2080,718,100,299,4218,2620,399,6838,59081.9948738884,438.12709030100336,25885422.50327552
PolyhedralGravity,OpenMP,14744,415385.96087004,68155.67898130944,,,,,,OpenMP,RTX2080,574,92,252,3442,2025,344,5467,46066.38941395637,369.64285714285717,17028111.801230304
PolyhedralGravity,OpenMP,255932,3744985.1830000114,89116.39799999983,,,,,,OpenMP,RTX2080,574,92,252,3442,2025,344,5467,46066.38941395637,369.64285714285717,17028111.801230304
MatrixMultiplication,OpenACC,32,39268.870336081745,39268.05999212111,38543.955034048064,,,,,OpenACC,RTX3080,56,55,67,340,195,122,535,3707.9444755961445,80.03731343283583,296773.9141848407
MatrixMultiplication,OpenACC,64,43408.20461428458,43394.96298363095,42013.31746031746,,,,,OpenACC,RTX3080,56,55,67,340,195,122,535,3707.9444755961445,80.03731343283583,296773.9141848407
MatrixMultiplication,OpenACC,128,64561.465770956216,64560.14043898812,59906.50316220238,,,,,OpenACC,RTX3080,56,55,67,340,195,122,535,3707.9444755961445,80.03731343283583,296773.9141848407
MatrixMultiplication,OpenACC,256,155602.8460131102,155599.60636404096,137459.89697374275,,,,,OpenACC,RTX3080,56,55,67,340,195,122,535,3707.9444755961445,80.03731343283583,296773.9141848407
MatrixMultiplication,OpenACC,512,654384.4607315055,654370.8022705775,578910.0813623463,,,,,OpenACC,RTX3080,56,55,67,340,195,122,535,3707.9444755961445,80.03731343283583,296773.9141848407
MatrixMultiplication,OpenACC,1024,8433505.530182991,8430843.493975908,3100640.0240963856,,,,,OpenACC,RTX3080,56,55,67,340,195,122,535,3707.9444755961445,80.03731343283583,296773.9141848407
MatrixMultiplication,OpenACC,2048,55606555.49925286,55605379.91666663,31842490.416666668,,,,,OpenACC,RTX3080,56,55,67,340,195,122,535,3707.9444755961445,80.03731343283583,296773.9141848407
MatrixMultiplication,OpenACC,4096,478940416.5057931,478920176.0000008,380229450.5,,,,,OpenACC,RTX3080,56,55,67,340,195,122,535,3707.9444755961445,80.03731343283583,296773.9141848407
MatrixMultiplication,OpenACC,8192,3509867429.966107,3506832179.999996,3133162975.0,,,,,OpenACC,RTX3080,56,55,67,340,195,122,535,3707.9444755961445,80.03731343283583,296773.9141848407
MatrixMultiplication,AdaptiveCpp,32,343424.44324955484,220356.50155086853,115452.50620347394,,,,Naive,AdaptiveCpp[Naive],RTX3080,67,61,85,474,241,146,715,5140.724559599213,86.4764705882353,444551.71618040017
MatrixMultiplication,AdaptiveCpp,64,578376.7861230278,396666.813646789,212828.5504587156,,,,Naive,AdaptiveCpp[Naive],RTX3080,67,61,85,474,241,146,715,5140.724559599213,86.4764705882353,444551.71618040017
MatrixMultiplication,AdaptiveCpp,128,630805.83727717,498093.8634328357,392132.1552238806,,,,Naive,AdaptiveCpp[Naive],RTX3080,67,61,85,474,241,146,715,5140.724559599213,86.4764705882353,444551.71618040017
MatrixMultiplication,AdaptiveCpp,256,1110459.4792794827,916634.70523416,651255.1845730027,,,,Naive,AdaptiveCpp[Naive],RTX3080,67,61,85,474,241,146,715,5140.724559599213,86.4764705882353,444551.71618040017
MatrixMultiplication,AdaptiveCpp,512,3187420.1005234956,2673717.7871485935,1811028.6907630523,,,,Naive,AdaptiveCpp[Naive],RTX3080,67,61,85,474,241,146,715,5140.724559599213,86.4764705882353,444551.71618040017
MatrixMultiplication,AdaptiveCpp,1024,20465472.36846221,18650753.473684203,10515694.315789474,,,,Naive,AdaptiveCpp[Naive],RTX3080,67,61,85,474,241,146,715,5140.724559599213,86.4764705882353,444551.71618040017
MatrixMultiplication,AdaptiveCpp,2048,110678522.71454675,107491814.14285707,75857046.85714285,,,,Naive,AdaptiveCpp[Naive],RTX3080,67,61,85,474,241,146,715,5140.724559599213,86.4764705882353,444551.71618040017
MatrixMultiplication,AdaptiveCpp,4096,705846983.0080867,694682577.0,570822848.0,,,,Naive,AdaptiveCpp[Naive],RTX3080,67,61,85,474,241,146,715,5140.724559599213,86.4764705882353,444551.71618040017
MatrixMultiplication,AdaptiveCpp,8192,4911943691.025953,4873141147.999998,4375843328.0,,,,Naive,AdaptiveCpp[Naive],RTX3080,67,61,85,474,241,146,715,5140.724559599213,86.4764705882353,444551.71618040017
MatrixMultiplication,AdaptiveCpp,32,338941.7893840566,224156.8724148905,109988.29653197582,,,,SharedMemory,AdaptiveCpp[SharedMemory],RTX3080,94,65,102,618,326,167,944,6970.216852095505,103.87254901960785,724014.191646587
MatrixMultiplication,AdaptiveCpp,64,635981.7650484827,438826.731203007,252127.679197995,,,,SharedMemory,AdaptiveCpp[SharedMemory],RTX3080,94,65,102,618,326,167,944,6970.216852095505,103.87254901960785,724014.191646587
MatrixMultiplication,AdaptiveCpp,128,621924.2960079694,482522.84338292846,368716.85512920906,,,,SharedMemory,AdaptiveCpp[SharedMemory],RTX3080,94,65,102,618,326,167,944,6970.216852095505,103.87254901960785,724014.191646587
MatrixMultiplication,AdaptiveCpp,256,951325.0509946968,753598.9204081632,469207.4775510204,,,,SharedMemory,AdaptiveCpp[SharedMemory],RTX3080,94,65,102,618,326,167,944,6970.216852095505,103.87254901960785,724014.191646587
MatrixMultiplication,AdaptiveCpp,512,1949576.8977844336,1568918.238297872,757576.1702127659,,,,SharedMemory,AdaptiveCpp[SharedMemory],RTX3080,94,65,102,618,326,167,944,6970.216852095505,103.87254901960785,724014.191646587
MatrixMultiplication,AdaptiveCpp,1024,8494224.522685751,6770067.788990783,3742372.6972477064,,,,SharedMemory,AdaptiveCpp[SharedMemory],RTX3080,94,65,102,618,326,167,944,6970.216852095505,103.87254901960785,724014.191646587
MatrixMultiplication,AdaptiveCpp,2048,56378994.50292545,51138063.64285724,17773666.285714287,,,,SharedMemory,AdaptiveCpp[SharedMemory],RTX3080,94,65,102,618,326,167,944,6970.216852095505,103.87254901960785,724014.191646587
MatrixMultiplication,AdaptiveCpp,4096,254704667.66273603,242822241.3333335,104496672.0,,,,SharedMemory,AdaptiveCpp[SharedMemory],RTX3080,94,65,102,618,326,167,944,6970.216852095505,103.87254901960785,724014.191646587
MatrixMultiplication,AdaptiveCpp,8192,1237330849.9809356,1196739563.999998,672876288.0,,,,SharedMemory,AdaptiveCpp[SharedMemory],RTX3080,94,65,102,618,326,167,944,6970.216852095505,103.87254901960785,724014.191646587
MatrixMultiplication,Alpaka,32,302160.74720226007,265277.6162420382,30866.86703821656,,,,,Alpaka,RTX3080,109,48,116,635,405,164,1040,7651.854084802807,83.79310344827586,641172.6008989938
MatrixMultiplication,Alpaka,64,375706.20252499566,302962.9829905063,51191.817246835446,,,,,Alpaka,RTX3080,109,48,116,635,405,164,1040,7651.854084802807,83.79310344827586,641172.6008989938
MatrixMultiplication,Alpaka,128,384479.5304848178,343250.27454718784,80934.2006673022,,,,,Alpaka,RTX3080,109,48,116,635,405,164,1040,7651.854084802807,83.79310344827586,641172.6008989938
MatrixMultiplication,Alpaka,256,609415.4474688347,499582.8158244685,151645.6642287234,,,,,Alpaka,RTX3080,109,48,116,635,405,164,1040,7651.854084802807,83.79310344827586,641172.6008989938
MatrixMultiplication,Alpaka,512,2233184.5627521737,2025386.9025069631,1141581.704735376,,,,,Alpaka,RTX3080,109,48,116,635,405,164,1040,7651.854084802807,83.79310344827586,641172.6008989938
MatrixMultiplication,Alpaka,1024,12400265.927003188,11387007.163636362,9108216.38181818,,,,,Alpaka,RTX3080,109,48,116,635,405,164,1040,7651.854084802807,83.79310344827586,641172.6008989938
MatrixMultiplication,Alpaka,2048,78512838.87430327,77447595.50000001,69090917.25,,,,,Alpaka,RTX3080,109,48,116,635,405,164,1040,7651.854084802807,83.79310344827586,641172.6008989938
MatrixMultiplication,Alpaka,4096,2914770319.9996614,2914347979.9999986,2851186259.0,,,,,Alpaka,RTX3080,109,48,116,635,405,164,1040,7651.854084802807,83.79310344827586,641172.6008989938
MatrixMultiplication,Alpaka,8192,28139064690.971283,28119336543.0,27887217285.0,,,,,Alpaka,RTX3080,109,48,116,635,405,164,1040,7651.854084802807,83.79310344827586,641172.6008989938
MatrixMultiplication,Boost,32,318759.57705072284,279058.89006622526,8682.864459161148,,,,,Boost,RTX3080,106,57,97,618,356,154,974,7077.850090636834,104.59793814432989,740328.5259752712
MatrixMultiplication,Boost,64,339221.0582443631,288371.6354654186,11164.139365574623,,,,,Boost,RTX3080,106,57,97,618,356,154,974,7077.850090636834,104.59793814432989,740328.5259752712
MatrixMultiplication,Boost,128,416445.8268392381,326362.30543530564,16044.498316498317,,,,,Boost,RTX3080,106,57,97,618,356,154,974,7077.850090636834,104.59793814432989,740328.5259752712
MatrixMultiplication,Boost,256,435020.5364563256,382171.7782883395,26129.442848937393,,,,,Boost,RTX3080,106,57,97,618,356,154,974,7077.850090636834,104.59793814432989,740328.5259752712
MatrixMultiplication,Boost,512,1219576.0542720514,1067876.849909582,162659.00904159131,,,,,Boost,RTX3080,106,57,97,618,356,154,974,7077.850090636834,104.59793814432989,740328.5259752712
MatrixMultiplication,Boost,1024,3592995.5870483015,3210393.611940302,1102166.288557214,,,,,Boost,RTX3080,106,57,97,618,356,154,974,7077.850090636834,104.59793814432989,740328.5259752712
MatrixMultiplication,Boost,2048,17921785.108203925,16537892.297297252,9315852.972972972,,,,,Boost,RTX3080,106,57,97,618,356,154,974,7077.850090636834,104.59793814432989,740328.5259752712
MatrixMultiplication,Boost,4096,140121717.0059681,137307480.79999983,75853004.8,,,,,Boost,RTX3080,106,57,97,618,356,154,974,7077.850090636834,104.59793814432989,740328.5259752712
MatrixMultiplication,Boost,8192,839750215.9932628,839718140.9999988,608040960.0,,,,,Boost,RTX3080,106,57,97,618,356,154,974,7077.850090636834,104.59793814432989,740328.5259752712
MatrixMultiplication,CPP,32,4927.1887424976585,4927.089463533967,4751.445621749799,,,,,CPP,RTX3080,48,45,59,292,160,104,452,3028.5987525997734,61.01694915254237,184795.8560908336
MatrixMultiplication,CPP,64,34305.09940611487,34304.40507818243,33756.197245233074,,,,,CPP,RTX3080,48,45,59,292,160,104,452,3028.5987525997734,61.01694915254237,184795.8560908336
MatrixMultiplication,CPP,128,257238.3376156253,257230.44783247603,255127.01579720795,,,,,CPP,RTX3080,48,45,59,292,160,104,452,3028.5987525997734,61.01694915254237,184795.8560908336
MatrixMultiplication,CPP,256,2217449.636133741,2217387.0949367085,1985340.3892405063,,,,,CPP,RTX3080,48,45,59,292,160,104,452,3028.5987525997734,61.01694915254237,184795.8560908336
MatrixMultiplication,CPP,512,16677847.16673417,16675984.619047632,15570189.214285716,,,,,CPP,RTX3080,48,45,59,292,160,104,452,3028.5987525997734,61.01694915254237,184795.8560908336
MatrixMultiplication,CPP,1024,135935512.80209795,135914536.00000012,130793941.6,,,,,CPP,RTX3080,48,45,59,292,160,104,452,3028.5987525997734,61.01694915254237,184795.8560908336
MatrixMultiplication,CPP,2048,1067300339.9861044,1067223726.0,1042505124.0,,,,,CPP,RTX3080,48,45,59,292,160,104,452,3028.5987525997734,61.01694915254237,184795.8560908336
MatrixMultiplication,CPP,4096,8381393008.981832,8380814099.0,8289305051.0,,,,,CPP,RTX3080,48,45,59,292,160,104,452,3028.5987525997734,61.01694915254237,184795.8560908336
MatrixMultiplication,CPP,8192,68089439674.97907,68083450236.99999,67721743016.0,,,,,CPP,RTX3080,48,45,59,292,160,104,452,3028.5987525997734,61.01694915254237,184795.8560908336
MatrixMultiplication,Cublas,32,44200.75248909366,44197.56446255091,11325.761747923869,,,,,Cublas,RTX3080,66,47,55,374,180,102,554,3696.5236394522085,76.90909090909092,284296.2726342335
MatrixMultiplication,Cublas,64,50884.412603314704,50882.72776123737,13183.683958441554,,,,,Cublas,RTX3080,66,47,55,374,180,102,554,3696.5236394522085,76.90909090909092,284296.2726342335
MatrixMultiplication,Cublas,128,65521.70416039337,65515.14312832194,11038.041001892225,,,,,Cublas,RTX3080,66,47,55,374,180,102,554,3696.5236394522085,76.90909090909092,284296.2726342335
MatrixMultiplication,Cublas,256,142927.5555271577,142918.13878133285,16202.7275302875,,,,,Cublas,RTX3080,66,47,55,374,180,102,554,3696.5236394522085,76.90909090909092,284296.2726342335
MatrixMultiplication,Cublas,512,742101.7778646235,664699.4388489209,33302.87768291109,,,,,Cublas,RTX3080,66,47,55,374,180,102,554,3696.5236394522085,76.90909090909092,284296.2726342335
MatrixMultiplication,Cublas,1024,9413937.14716756,8068698.6947368495,156134.73763591365,,,,,Cublas,RTX3080,66,47,55,374,180,102,554,3696.5236394522085,76.90909090909092,284296.2726342335
MatrixMultiplication,Cublas,2048,31143719.041817043,29301238.833333317,841553.3329049746,,,,,Cublas,RTX3080,66,47,55,374,180,102,554,3696.5236394522085,76.90909090909092,284296.2726342335
MatrixMultiplication,Cublas,4096,119376209.00183296,113340445.33333318,6301861.28616333,,,,,Cublas,RTX3080,66,47,55,374,180,102,554,3696.5236394522085,76.90909090909092,284296.2726342335
MatrixMultiplication,Cublas,8192,469879616.5175736,469456764.5000003,48773839.95056152,,,,,Cublas,RTX3080,66,47,55,374,180,102,554,3696.5236394522085,76.90909090909092,284296.2726342335
MatrixMultiplication,Cuda,32,1123433.6743000194,970775.641571199,9916.700660548311,,,,Naive,Cuda[Naive],RTX3080,82,69,67,581,257,136,838,5939.293860967784,132.3358208955224,785981.3286309084
MatrixMultiplication,Cuda,64,1052950.909223383,936876.842105262,11690.35796468195,,,,Naive,Cuda[Naive],RTX3080,82,69,67,581,257,136,838,5939.293860967784,132.3358208955224,785981.3286309084
MatrixMultiplication,Cuda,128,1434583.8441687094,1014389.4287616546,11960.6710600849,,,,Naive,Cuda[Naive],RTX3080,82,69,67,581,257,136,838,5939.293860967784,132.3358208955224,785981.3286309084
MatrixMultiplication,Cuda,256,1324914.0136670603,1085475.0924242416,35864.38784770893,,,,Naive,Cuda[Naive],RTX3080,82,69,67,581,257,136,838,5939.293860967784,132.3358208955224,785981.3286309084
MatrixMultiplication,Cuda,512,1511938.3950490635,1363672.6181474517,163253.41396047847,,,,Naive,Cuda[Naive],RTX3080,82,69,67,581,257,136,838,5939.293860967784,132.3358208955224,785981.3286309084
MatrixMultiplication,Cuda,1024,3315365.446751264,3055367.3063829723,1135279.6579929108,,,,Naive,Cuda[Naive],RTX3080,82,69,67,581,257,136,838,5939.293860967784,132.3358208955224,785981.3286309084
MatrixMultiplication,Cuda,2048,30106986.118480563,27982460.23999994,8909114.91394043,,,,Naive,Cuda[Naive],RTX3080,82,69,67,581,257,136,838,5939.293860967784,132.3358208955224,785981.3286309084
MatrixMultiplication,Cuda,4096,153418100.40408745,153227285.59999987,76169381.71386719,,,,Naive,Cuda[Naive],RTX3080,82,69,67,581,257,136,838,5939.293860967784,132.3358208955224,785981.3286309084
MatrixMultiplication,Cuda,8192,915956817.974802,915897956.000002,617553466.796875,,,,Naive,Cuda[Naive],RTX3080,82,69,67,581,257,136,838,5939.293860967784,132.3358208955224,785981.3286309084
MatrixMultiplication,Kokkos,32,78180.10260750676,78177.85583062618,9860.927411224377,,,,,Kokkos,RTX3080,64,50,74,448,254,124,702,4881.845809891586,85.8108108108108,418915.14720015635
MatrixMultiplication,Kokkos,64,90340.14472847222,90336.78374213431,12866.031077436754,,,,,Kokkos,RTX3080,64,50,74,448,254,124,702,4881.845809891586,85.8108108108108,418915.14720015635
MatrixMultiplication,Kokkos,128,109032.79043524696,109030.63988790284,17452.197726918886,,,,,Kokkos,RTX3080,64,50,74,448,254,124,702,4881.845809891586,85.8108108108108,418915.14720015635
MatrixMultiplication,Kokkos,256,182958.286164975,182945.92440491763,27979.557415642164,,,,,Kokkos,RTX3080,64,50,74,448,254,124,702,4881.845809891586,85.8108108108108,418915.14720015635
MatrixMultiplication,Kokkos,512,1311532.8895367014,1064082.8394698086,162588.31369661266,,,,,Kokkos,RTX3080,64,50,74,448,254,124,702,4881.845809891586,85.8108108108108,418915.14720015635
MatrixMultiplication,Kokkos,1024,10071879.28098574,8781694.765624987,1223884.375,,,,,Kokkos,RTX3080,64,50,74,448,254,124,702,4881.845809891586,85.8108108108108,418915.14720015635
MatrixMultiplication,Kokkos,2048,42629080.99917695,40278494.235294126,11737014.647058824,,,,,Kokkos,RTX3080,64,50,74,448,254,124,702,4881.845809891586,85.8108108108108,418915.14720015635
MatrixMultiplication,Kokkos,4096,202227485.98704737,197688319.99999985,88899306.66666667,,,,,Kokkos,RTX3080,64,50,74,448,254,124,702,4881.845809891586,85.8108108108108,418915.14720015635
MatrixMultiplication,Kokkos,8192,1135268846.9924033,1134449619.0000014,709868037.0,,,,,Kokkos,RTX3080,64,50,74,448,254,124,702,4881.845809891586,85.8108108108108,418915.14720015635
MatrixMultiplication,OpenCL,32,295811.89610325964,252832.740625,8586.075,,,,,OpenCL,RTX3080,195,89,112,1157,501,201,1658,12685.443703974664,199.05803571428572,2525139.5058773495
MatrixMultiplication,OpenCL,64,342114.63446155546,270838.0229530662,11218.04453579993,,,,,OpenCL,RTX3080,195,89,112,1157,501,201,1658,12685.443703974664,199.05803571428572,2525139.5058773495
MatrixMultiplication,OpenCL,128,336964.7128130851,288637.71100090176,15868.306582506762,,,,,OpenCL,RTX3080,195,89,112,1157,501,201,1658,12685.443703974664,199.05803571428572,2525139.5058773495
MatrixMultiplication,OpenCL,256,421392.5372500218,367269.10596379155,23862.04898828541,,,,,OpenCL,RTX3080,195,89,112,1157,501,201,1658,12685.443703974664,199.05803571428572,2525139.5058773495
MatrixMultiplication,OpenCL,512,1248712.5332490231,1057961.8975332084,161155.09677419355,,,,,OpenCL,RTX3080,195,89,112,1157,501,201,1658,12685.443703974664,199.05803571428572,2525139.5058773495
MatrixMultiplication,OpenCL,1024,12637000.817145845,11537040.03333331,1253398.4,,,,,OpenCL,RTX3080,195,89,112,1157,501,201,1658,12685.443703974664,199.05803571428572,2525139.5058773495
MatrixMultiplication,OpenCL,2048,54426182.93039101,51738429.92857151,10468347.42857143,,,,,OpenCL,RTX3080,195,89,112,1157,501,201,1658,12685.443703974664,199.05803571428572,2525139.5058773495
MatrixMultiplication,OpenCL,4096,240747660.3402756,231639052.99999973,77119829.33333333,,,,,OpenCL,RTX3080,195,89,112,1157,501,201,1658,12685.443703974664,199.05803571428572,2525139.5058773495
MatrixMultiplication,OpenCL,8192,1236613082.0009856,1236527330.0000012,619374592.0,,,,,OpenCL,RTX3080,195,89,112,1157,501,201,1658,12685.443703974664,199.05803571428572,2525139.5058773495
MatrixMultiplication,OpenMP,32,157626.48955787224,97409.73634922922,155775.57398069443,,,,,OpenMP,RTX3080,52,47,71,333,192,118,525,3613.3876009149667,63.54929577464789,229628.23739899058
MatrixMultiplication,OpenMP,64,178877.03761074645,116601.38608753536,176567.9643867532,,,,,OpenMP,RTX3080,52,47,71,333,192,118,525,3613.3876009149667,63.54929577464789,229628.23739899058
MatrixMultiplication,OpenMP,128,201082.54978130956,139044.01005025124,194964.46473106273,,,,,OpenMP,RTX3080,52,47,71,333,192,118,525,3613.3876009149667,63.54929577464789,229628.23739899058
MatrixMultiplication,OpenMP,256,326619.2791584658,206662.9296966161,304867.4416569428,,,,,OpenMP,RTX3080,52,47,71,333,192,118,525,3613.3876009149667,63.54929577464789,229628.23739899058
MatrixMultiplication,OpenMP,512,1453535.0098860168,896955.4348302304,1346907.1292442498,,,,,OpenMP,RTX3080,52,47,71,333,192,118,525,3613.3876009149667,63.54929577464789,229628.23739899058
MatrixMultiplication,OpenMP,1024,11390550.373949166,8228448.567164171,5493108.985074627,,,,,OpenMP,RTX3080,52,47,71,333,192,118,525,3613.3876009149667,63.54929577464789,229628.23739899058
MatrixMultiplication,OpenMP,2048,61112535.26270096,36688895.00000002,31943361.63157895,,,,,OpenMP,RTX3080,52,47,71,333,192,118,525,3613.3876009149667,63.54929577464789,229628.23739899058
MatrixMultiplication,OpenMP,4096,454134604.8354171,117464140.16666643,361796878.0,,,,,OpenMP,RTX3080,52,47,71,333,192,118,525,3613.3876009149667,63.54929577464789,229628.23739899058
MatrixMultiplication,OpenMP,8192,3422278146.026656,438052855.99999875,3068727724.0,,,,,OpenMP,RTX3080,52,47,71,333,192,118,525,3613.3876009149667,63.54929577464789,229628.23739899058
MatrixMultiplication,Vulkan,32,5493726.412586252,4666498.522935781,640190.7614678899,,,,,Vulkan,RTX3080,266,93,225,1749,978,318,2727,22669.231819060435,202.12,4581905.135268495
MatrixMultiplication,Vulkan,64,5667556.957056973,4789449.10791367,666851.0143884892,,,,,Vulkan,RTX3080,266,93,225,1749,978,318,2727,22669.231819060435,202.12,4581905.135268495
MatrixMultiplication,Vulkan,128,6118864.815768909,1427348.8688865767,4279958.004162331,,,,,Vulkan,RTX3080,266,93,225,1749,978,318,2727,22669.231819060435,202.12,4581905.135268495
MatrixMultiplication,Vulkan,256,11174611.930989403,2063154.279999996,8164185.989090909,,,,,Vulkan,RTX3080,266,93,225,1749,978,318,2727,22669.231819060435,202.12,4581905.135268495
MatrixMultiplication,Vulkan,512,40140169.98169774,5913359.9909091,28720975.636363637,,,,,Vulkan,RTX3080,266,93,225,1749,978,318,2727,22669.231819060435,202.12,4581905.135268495
MatrixMultiplication,Vulkan,1024,163501036.99982068,12404514.035087733,136649807.98245615,,,,,Vulkan,RTX3080,266,93,225,1749,978,318,2727,22669.231819060435,202.12,4581905.135268495
MatrixMultiplication,Vulkan,2048,1369204095.331952,72395994.2222222,1239912095.6666667,,,,,Vulkan,RTX3080,266,93,225,1749,978,318,2727,22669.231819060435,202.12,4581905.135268495
MatrixMultiplication,Vulkan,4096,44959289968.01376,333605930.00000095,44413812231.0,,,,,Vulkan,RTX3080,266,93,225,1749,978,318,2727,22669.231819060435,202.12,4581905.135268495
MatrixMultiplication,Vulkan,8192,371052422561.9738,1280348089.999997,368985357215.0,,,,,Vulkan,RTX3080,266,93,225,1749,978,318,2727,22669.231819060435,202.12,4581905.135268495
NBody,AdaptiveCpp,10,172098519.3751403,88807856.0,,10892208.0,10561880.0,10231420.0,,AdaptiveCpp,RTX3080,201,69,139,1331,749,208,2080,16016.91461373347,185.90287769784175,2977590.5185336675
NBody,AdaptiveCpp,100,165198583.6288077,86058907.25000001,,10307788.0,9949784.0,24720448.0,,AdaptiveCpp,RTX3080,201,69,139,1331,749,208,2080,16016.91461373347,185.90287769784175,2977590.5185336675
NBody,AdaptiveCpp,1000,325443573.00503176,219588836.33333328,,13581162.666666666,13042101.333333334,156461344.0,,AdaptiveCpp,RTX3080,201,69,139,1331,749,208,2080,16016.91461373347,185.90287769784175,2977590.5185336675
NBody,AdaptiveCpp,10000,1639347967.9827578,1522598963.0,,14650944.0,13772704.0,1486335072.0,,AdaptiveCpp,RTX3080,201,69,139,1331,749,208,2080,16016.91461373347,185.90287769784175,2977590.5185336675
NBody,Alpaka,10,31317723.78085019,29869842.26086956,,7353789.695652174,7209102.173913044,9024563.347826088,,Alpaka,RTX3080,246,55,164,1558,969,219,2527,19646.886899612167,162.48475609756096,3192319.6259598485
NBody,Alpaka,100,47929669.60230842,46385410.53333333,,7423568.133333334,7256976.8,25291703.533333335,,Alpaka,RTX3080,246,55,164,1558,969,219,2527,19646.886899612167,162.48475609756096,3192319.6259598485
NBody,Alpaka,1000,767122908.0297053,767107360.0000002,,9437451.0,8232656.0,741455240.0,,Alpaka,RTX3080,246,55,164,1558,969,219,2527,19646.886899612167,162.48475609756096,3192319.6259598485
NBody,Alpaka,10000,8758844356.9839,8758461502.0,,10009369.0,8645247.0,8731288485.0,,Alpaka,RTX3080,246,55,164,1558,969,219,2527,19646.886899612167,162.48475609756096,3192319.6259598485
NBody,Boost,10,50317868.216162816,49921814.928571425,,4205177.142857143,4201581.714285715,5910854.857142857,,Boost,RTX3080,243,65,156,1434,861,221,2295,17873.236373803335,179.375,3206011.774550973
NBody,Boost,100,65199708.09511671,63939715.27272727,,4221576.7272727275,4156244.363636364,19700529.454545453,,Boost,RTX3080,243,65,156,1434,861,221,2295,17873.236373803335,179.375,3206011.774550973
NBody,Boost,1000,191534775.49843955,191530540.49999997,,4174440.0,4195672.0,147413728.0,,Boost,RTX3080,243,65,156,1434,861,221,2295,17873.236373803335,179.375,3206011.774550973
NBody,Boost,10000,1533559875.9702406,1532112408.9999998,,4327456.0,4240000.0,1487645728.0,,Boost,RTX3080,243,65,156,1434,861,221,2295,17873.236373803335,179.375,3206011.774550973
NBody,CPP,10,624051.1144054695,624031.7250000001,,107925.1548076923,36913.834615384614,382439.21730769234,,CPP,RTX3080,107,53,100,674,366,153,1040,7547.683356400358,96.99000000000001,732049.8087372708
NBody,CPP,100,39230434.11082795,39229379.61111111,,292445.5,152119.33333333334,38688645.05555555,,CPP,RTX3080,107,53,100,674,366,153,1040,7547.683356400358,96.99000000000001,732049.8087372708
NBody,CPP,1000,3927792956.994381,3927630078.0,,2262582.0,1557442.0,3923808518.0,,CPP,RTX3080,107,53,100,674,366,153,1040,7547.683356400358,96.99000000000001,732049.8087372708
NBody,CPP,10000,393859035207.9482,393843351447.99994,,22204210.0,15613759.0,393820284791.0,,CPP,RTX3080,107,53,100,674,366,153,1040,7547.683356400358,96.99000000000001,732049.8087372708
NBody,Cuda,10,40870023.44183727,38417610.61111112,,4996910.138935264,4956215.029271941,95.93378303613927,,Cuda,RTX3080,210,72,126,1507,699,198,2206,16830.360703895618,199.71428571428572,3361263.4662922965
NBody,Cuda,100,47050458.21278223,46805026.785714306,,5018386.191621955,4979549.620799454,227.2898941891534,,Cuda,RTX3080,210,72,126,1507,699,198,2206,16830.360703895618,199.71428571428572,3361263.4662922965
NBody,Cuda,1000,188909787.000739,188903709.25,,5541039.983741939,4976343.912654556,2492.5084699988365,,Cuda,RTX3080,210,72,126,1507,699,198,2206,16830.360703895618,199.71428571428572,3361263.4662922965
NBody,Cuda,10000,1434350047.0276923,1434313490.0,,5179135.920479894,5095647.9092128575,22395.51236343384,,Cuda,RTX3080,210,72,126,1507,699,198,2206,16830.360703895618,199.71428571428572,3361263.4662922965
NBody,Kokkos,10,21652681.96768011,21651949.187500004,,3493300.65625,7290948.9375,10178856.84375,,Kokkos,RTX3080,213,72,134,1290,700,206,1990,15296.136049094604,188.05970149253733,2876586.7793819704
NBody,Kokkos,100,23378591.80018616,23377686.866666667,,3493824.533333333,7327299.9,11865805.566666666,,Kokkos,RTX3080,213,72,134,1290,700,206,1990,15296.136049094604,188.05970149253733,2876586.7793819704
NBody,Kokkos,1000,116986554.83390516,116982884.66666669,,3515870.6666666665,7409172.333333333,105335027.16666669,,Kokkos,RTX3080,213,72,134,1290,700,206,1990,15296.136049094604,188.05970149253733,2876586.7793819704
NBody,Kokkos,10000,9155873458.017595,9155533816.0,,3548936.0,8673747.0,9142225303.0,,Kokkos,RTX3080,213,72,134,1290,700,206,1990,15296.136049094604,188.05970149253733,2876586.7793819704
NBody,OpenCL,10,41685169.99925487,39601934.222222224,,1.952372673339607e+19,4.8953757272482125e+17,1.8438451737495387e+22,,OpenCL,RTX3080,341,95,175,2060,925,270,2985,24109.294557196732,251.07142857142856,6053155.026324751
NBody,OpenCL,100,40692061.72264078,39431377.388888896,,1.9132096675938554e+19,96000.0,1.844665024871704e+22,,OpenCL,RTX3080,341,95,175,2060,925,270,2985,24109.294557196732,251.07142857142856,6053155.026324751
NBody,OpenCL,1000,156070686.7458066,156067216.7499999,,1.8446744073477784e+19,992000.0,1.8446650248717043e+22,,OpenCL,RTX3080,341,95,175,2060,925,270,2985,24109.294557196732,251.07142857142856,6053155.026324751
NBody,OpenCL,10000,1500398482.02141,1499652194.0000002,,1.8446744073488015e+19,9984000.0,1.8446650248717043e+22,,OpenCL,RTX3080,341,95,175,2060,925,270,2985,24109.294557196732,251.07142857142856,6053155.026324751
NBody,OpenMP,10,149442372.24699464,90649714.0,,81370625.0,31731651.625,35777981.875,,OpenMP,RTX3080,204,67,120,1266,728,187,1994,15048.507553015947,203.23333333333332,3058358.351691274
NBody,OpenMP,100,431962745.3320815,127818393.16666669,,90449933.0,54349229.0,286292374.1666667,,OpenMP,RTX3080,204,67,120,1266,728,187,1994,15048.507553015947,203.23333333333332,3058358.351691274
NBody,OpenMP,1000,2468020320.602227,149407240.99999994,,111765632.0,42349456.8,2312824551.0,,OpenMP,RTX3080,204,67,120,1266,728,187,1994,15048.507553015947,203.23333333333332,3058358.351691274
NBody,OpenMP,10000,28486862847.98896,204113135.0000001,,154072099.0,44505386.0,28285688712.0,,OpenMP,RTX3080,204,67,120,1266,728,187,1994,15048.507553015947,203.23333333333332,3058358.351691274
NBody,Vulkan,10,4083909445.034806,3435886868.0,,927812858.0,903483093.0,881593808.0,,Vulkan,RTX3080,365,93,256,2336,1354,349,3690,31169.73710471362,245.94140625,7665928.97597607
NBody,Vulkan,100,3986870060.9658847,3299679447.0,,926194629.0,892821526.0,932488445.0,,Vulkan,RTX3080,365,93,256,2336,1354,349,3690,31169.73710471362,245.94140625,7665928.97597607
NBody,Vulkan,1000,4110855688.0499234,3283339141.999999,,822279472.0,921603708.0,1116544662.0,,Vulkan,RTX3080,365,93,256,2336,1354,349,3690,31169.73710471362,245.94140625,7665928.97597607
NBody,Vulkan,10000,9218489298.014902,5402871760.0,,1390041900.0,1601199574.0,3912492198.0,,Vulkan,RTX3080,365,93,256,2336,1354,349,3690,31169.73710471362,245.94140625,7665928.97597607
VecAdd,OpenACC,1000,26066.758390571424,26065.24428587356,25490.65793287992,,,,,OpenACC,RTX3080,41,52,52,246,123,104,369,2472.462255994063,61.5,152056.42874363487
VecAdd,OpenACC,10000,36924.41493117855,36923.18823653199,33940.84196127946,,,,,OpenACC,RTX3080,41,52,52,246,123,104,369,2472.462255994063,61.5,152056.42874363487
VecAdd,OpenACC,100000,145598.4169932909,145591.2297438034,117870.20016663196,,,,,OpenACC,RTX3080,41,52,52,246,123,104,369,2472.462255994063,61.5,152056.42874363487
VecAdd,OpenACC,1000000,6064391.649690353,6064092.598290604,933841.4444444444,,,,,OpenACC,RTX3080,41,52,52,246,123,104,369,2472.462255994063,61.5,152056.42874363487
VecAdd,OpenACC,10000000,64456771.59936167,64454055.29999997,9434204.1,,,,,OpenACC,RTX3080,41,52,52,246,123,104,369,2472.462255994063,61.5,152056.42874363487
VecAdd,OpenACC,100000000,661371447.0295236,650253295.9999998,103578919.0,,,,,OpenACC,RTX3080,41,52,52,246,123,104,369,2472.462255994063,61.5,152056.42874363487
VecAdd,AdaptiveCpp,1000,883024.6062421373,644054.1484823627,128204.495488105,,,,,AdaptiveCpp,RTX3080,47,52,64,338,154,116,492,3374.126649602765,62.5625,211093.798515773
VecAdd,AdaptiveCpp,10000,1061675.812525209,846578.3500000003,326336.97777777776,,,,,AdaptiveCpp,RTX3080,47,52,64,338,154,116,492,3374.126649602765,62.5625,211093.798515773
VecAdd,AdaptiveCpp,100000,1978803.9006863344,1509066.893129771,569516.8854961832,,,,,AdaptiveCpp,RTX3080,47,52,64,338,154,116,492,3374.126649602765,62.5625,211093.798515773
VecAdd,AdaptiveCpp,1000000,12863425.12679449,10986125.682539688,2475985.777777778,,,,,AdaptiveCpp,RTX3080,47,52,64,338,154,116,492,3374.126649602765,62.5625,211093.798515773
VecAdd,AdaptiveCpp,10000000,113301413.1420558,99453136.71428569,20863931.42857143,,,,,AdaptiveCpp,RTX3080,47,52,64,338,154,116,492,3374.126649602765,62.5625,211093.798515773
VecAdd,AdaptiveCpp,100000000,1000652186.0486828,942454078.0,155847744.0,,,,,AdaptiveCpp,RTX3080,47,52,64,338,154,116,492,3374.126649602765,62.5625,211093.798515773
VecAdd,Alpaka,1000,291255.51459207357,251252.33965244863,9925.577804107425,,,,,Alpaka,RTX3080,83,44,96,487,295,140,782,5575.099319250964,67.60416666666666,376899.943561862
VecAdd,Alpaka,10000,313408.30541940633,271822.23305439326,10157.39748953975,,,,,Alpaka,RTX3080,83,44,96,487,295,140,782,5575.099319250964,67.60416666666666,376899.943561862
VecAdd,Alpaka,100000,536608.3798134576,426089.67963263096,10899.94489465154,,,,,Alpaka,RTX3080,83,44,96,487,295,140,782,5575.099319250964,67.60416666666666,376899.943561862
VecAdd,Alpaka,1000000,2208706.5081388964,1950975.564864864,26188.82972972973,,,,,Alpaka,RTX3080,83,44,96,487,295,140,782,5575.099319250964,67.60416666666666,376899.943561862
VecAdd,Alpaka,10000000,39193594.1685612,37811804.16666668,200962.72222222225,,,,,Alpaka,RTX3080,83,44,96,487,295,140,782,5575.099319250964,67.60416666666666,376899.943561862
VecAdd,Alpaka,100000000,340800257.51609355,340783901.50000006,1773668.0,,,,,Alpaka,RTX3080,83,44,96,487,295,140,782,5575.099319250964,67.60416666666666,376899.943561862
VecAdd,CPP,1000,312.6286709298163,312.61927852673165,139.14044526011762,,,,,CPP,RTX3080,30,37,42,183,89,79,272,1714.628363504172,39.202380952380956,67217.51429784809
VecAdd,CPP,10000,2577.905732549518,2577.828868855899,1308.10259034171,,,,,CPP,RTX3080,30,37,42,183,89,79,272,1714.628363504172,39.202380952380956,67217.51429784809
VecAdd,CPP,100000,397207.66267869866,397194.99602498574,14222.3730834753,,,,,CPP,RTX3080,30,37,42,183,89,79,272,1714.628363504172,39.202380952380956,67217.51429784809
VecAdd,CPP,1000000,5051948.977938002,5051687.123188406,335400.3695652174,,,,,CPP,RTX3080,30,37,42,183,89,79,272,1714.628363504172,39.202380952380956,67217.51429784809
VecAdd,CPP,10000000,57099336.831015535,57096716.74999998,4799443.0,,,,,CPP,RTX3080,30,37,42,183,89,79,272,1714.628363504172,39.202380952380956,67217.51429784809
VecAdd,CPP,100000000,577759850.0135355,577717436.0000004,46689605.0,,,,,CPP,RTX3080,30,37,42,183,89,79,272,1714.628363504172,39.202380952380956,67217.51429784809
VecAdd,Cuda,1000000,6736596.017752005,6235417.55652174,20462.747890016308,,,,,Cuda,RTX3080,76,61,48,399,172,109,571,3864.6332494476246,109.29166666666667,422372.2088875467
VecAdd,Cuda,10000000,67309561.72528253,64761282.454545476,182394.18214017697,,,,,Cuda,RTX3080,76,61,48,399,172,109,571,3864.6332494476246,109.29166666666667,422372.2088875467
VecAdd,Cuda,100000000,645195327.9902227,645130320.9999999,1737023.949623108,,,,,Cuda,RTX3080,76,61,48,399,172,109,571,3864.6332494476246,109.29166666666667,422372.2088875467
VecAdd,Cublas,1000000,8518012.999974297,7176037.726415091,21753.056642581832,,,,,Cublas,RTX3080,66,48,47,368,159,95,527,3462.3139055904094,81.19148936170212,281110.42263261706
VecAdd,Cublas,10000000,66095526.45717155,63535962.81818185,177070.5445246263,,,,,Cublas,RTX3080,66,48,47,368,159,95,527,3462.3139055904094,81.19148936170212,281110.42263261706
VecAdd,Cublas,100000000,622666507.0280433,622652757.0,1736672.043800354,,,,,Cublas,RTX3080,66,48,47,368,159,95,527,3462.3139055904094,81.19148936170212,281110.42263261706
VecAdd,Kokkos,1000,96164.28583284352,96162.37640449435,24532.088243354345,,,,,Kokkos,RTX3080,45,43,53,299,157,96,456,3002.742900328847,63.68867924528302,191240.72943509478
VecAdd,Kokkos,10000,118696.69575089571,118691.64746738948,25612.730814839913,,,,,Kokkos,RTX3080,45,43,53,299,157,96,456,3002.742900328847,63.68867924528302,191240.72943509478
VecAdd,Kokkos,100000,633375.1520141959,526405.628,213326.99,,,,,Kokkos,RTX3080,45,43,53,299,157,96,456,3002.742900328847,63.68867924528302,191240.72943509478
VecAdd,Kokkos,1000000,5215439.907439333,4221390.416184972,482076.61849710986,,,,,Kokkos,RTX3080,45,43,53,299,157,96,456,3002.742900328847,63.68867924528302,191240.72943509478
VecAdd,Kokkos,10000000,122018468.16848654,118076186.6666667,999750.6666666666,,,,,Kokkos,RTX3080,45,43,53,299,157,96,456,3002.742900328847,63.68867924528302,191240.72943509478
VecAdd,Kokkos,100000000,1179220291.9605188,1175366333.0000005,4630058.0,,,,,Kokkos,RTX3080,45,43,53,299,157,96,456,3002.742900328847,63.68867924528302,191240.72943509478
VecAdd,OpenCL,1000,305321.850659975,260550.639116203,6357.656301145663,,,,,OpenCL,RTX3080,143,82,96,894,369,178,1263,9441.85132331056,157.59375,1487976.7569829735
VecAdd,OpenCL,10000,366130.2148990569,288419.70242085657,6528.4052141527,,,,,OpenCL,RTX3080,143,82,96,894,369,178,1263,9441.85132331056,157.59375,1487976.7569829735
VecAdd,OpenCL,100000,570593.2931232383,449069.9749999999,4117.32,,,,,OpenCL,RTX3080,143,82,96,894,369,178,1263,9441.85132331056,157.59375,1487976.7569829735
VecAdd,OpenCL,1000000,3915611.577705007,3144783.5819672127,29361.573770491803,,,,,OpenCL,RTX3080,143,82,96,894,369,178,1263,9441.85132331056,157.59375,1487976.7569829735
VecAdd,OpenCL,10000000,126349515.65996744,120935453.1666668,187077.33333333337,,,,,OpenCL,RTX3080,143,82,96,894,369,178,1263,9441.85132331056,157.59375,1487976.7569829735
VecAdd,OpenCL,100000000,1205596368.003171,1205510652.9999993,1743872.0,,,,,OpenCL,RTX3080,143,82,96,894,369,178,1263,9441.85132331056,157.59375,1487976.7569829735
VecAdd,OpenMP,1000,97501.9041456635,58324.004842801136,95936.7378737797,,,,,OpenMP,RTX3080,37,45,53,219,121,98,340,2249.001346999171,51.36792452830189,115526.53145670271
VecAdd,OpenMP,10000,149485.10987340173,95477.91419635572,145383.3917595866,,,,,OpenMP,RTX3080,37,45,53,219,121,98,340,2249.001346999171,51.36792452830189,115526.53145670271
VecAdd,OpenMP,100000,540480.7250691111,299467.52778956306,496731.9728468392,,,,,OpenMP,RTX3080,37,45,53,219,121,98,340,2249.001346999171,51.36792452830189,115526.53145670271
VecAdd,OpenMP,1000000,13727466.457722971,9501961.8,6635465.714285715,,,,,OpenMP,RTX3080,37,45,53,219,121,98,340,2249.001346999171,51.36792452830189,115526.53145670271
VecAdd,OpenMP,10000000,105311585.18278971,67995870.09090902,51449867.36363637,,,,,OpenMP,RTX3080,37,45,53,219,121,98,340,2249.001346999171,51.36792452830189,115526.53145670271
VecAdd,OpenMP,100000000,953931458.0033534,630467782.0000002,423900923.0,,,,,OpenMP,RTX3080,37,45,53,219,121,98,340,2249.001346999171,51.36792452830189,115526.53145670271
VecAdd,Vulkan,1000,6307911.299291753,4888791.68263473,727244.0119760479,,,,,Vulkan,RTX3080,206,92,198,1394,769,290,2163,17693.143361702303,178.65656565656565,3160996.228670996
VecAdd,Vulkan,10000,6185131.149832159,5072759.489999994,704883.02,,,,,Vulkan,RTX3080,206,92,198,1394,769,290,2163,17693.143361702303,178.65656565656565,3160996.228670996
VecAdd,Vulkan,100000,9643795.63873158,7977363.404255327,765894.4042553192,,,,,Vulkan,RTX3080,206,92,198,1394,769,290,2163,17693.143361702303,178.65656565656565,3160996.228670996
VecAdd,Vulkan,1000000,49443065.25701125,22343707.199999988,4306709.4,,,,,Vulkan,RTX3080,206,92,198,1394,769,290,2163,17693.143361702303,178.65656565656565,3160996.228670996
VecAdd,Vulkan,10000000,337000791.99237126,203827129.00000045,12874124.0,,,,,Vulkan,RTX3080,206,92,198,1394,769,290,2163,17693.143361702303,178.65656565656565,3160996.228670996
VecAdd,Vulkan,100000000,3098147322.0163026,1892092097.0000007,45469121.0,,,,,Vulkan,RTX3080,206,92,198,1394,769,290,2163,17693.143361702303,178.65656565656565,3160996.228670996
PolyhedralGravity,Vulkan,14744,394094.72392871976,23027.18129999999,,,,,,Vulkan,RTX3080,1074,185,520,6021,3749,705,9770,92438.65419998574,666.8894230769231,61646360.76943569
PolyhedralGravity,Vulkan,14744,394094.72392871976,23027.18129999999,,,,,,Vulkan,RTX3080,1074,185,520,6021,3749,705,9770,92438.65419998574,666.8894230769231,61646360.76943569
PolyhedralGravity,Vulkan,255932,5140384.092926979,70691.76700000046,,,,,,Vulkan,RTX3080,1074,185,520,6021,3749,705,9770,92438.65419998574,666.8894230769231,61646360.76943569
PolyhedralGravity,Vulkan,255932,5140384.092926979,70691.76700000046,,,,,,Vulkan,RTX3080,1074,185,520,6021,3749,705,9770,92438.65419998574,666.8894230769231,61646360.76943569
PolyhedralGravity,CPP,14744,4040102.6520425873,4040022.664739885,,,,,,CPP,RTX3080,541,79,239,3262,1955,318,5217,43368.31037771848,323.10669456066944,14012591.414825795
PolyhedralGravity,CPP,255932,75493065.40749967,75476476.62500001,,,,,,CPP,RTX3080,541,79,239,3262,1955,318,5217,43368.31037771848,323.10669456066944,14012591.414825795
PolyhedralGravity,OpenMP,14744,518643.3842945322,257221.79700934576,,,,,,OpenMP,RTX3080,574,92,252,3442,2025,344,5467,46066.38941395637,369.64285714285717,17028111.801230304
PolyhedralGravity,OpenMP,255932,1585123.7716858564,356690.1136695908,,,,,,OpenMP,RTX3080,574,92,252,3442,2025,344,5467,46066.38941395637,369.64285714285717,17028111.801230304
PolyhedralGravity,AdaptiveCpp,14744,320208.9167110472,141293.7445838084,,,,,,AdaptiveCpp,RTX3080,607,88,281,3765,2270,369,6035,51463.32373157449,355.44483985765123,18292372.86231196
PolyhedralGravity,AdaptiveCpp,255932,562090.5140852084,350625.34539813857,,,,,,AdaptiveCpp,RTX3080,607,88,281,3765,2270,369,6035,51463.32373157449,355.44483985765123,18292372.86231196
PolyhedralGravity,Kokkos,14744,60110.501280912154,60108.67262381078,,,,,,Kokkos,RTX3080,551,89,250,3555,2010,339,5565,46774.61224235375,357.78,16735020.768069325
PolyhedralGravity,Kokkos,255932,241332.69381869744,241314.93042867177,,,,,,Kokkos,RTX3080,551,89,250,3555,2010,339,5565,46774.61224235375,357.78,16735020.768069325
PolyhedralGravity,Slang-Vulkan,14744,477162.9150025547,26114.28680000003,,,,,,Slang-Vulkan,RTX3080,922,183,509,5077,3201,692,8278,78099.85246837682,575.4253438113949,44940634.45823495
PolyhedralGravity,Slang-Vulkan,255932,6183774.141594768,72290.31100000061,,,,,,Slang-Vulkan,RTX3080,922,183,509,5077,3201,692,8278,78099.85246837682,575.4253438113949,44940634.45823495
MatrixMultiplication,OpenACC,32,24159.821987051884,24158.14816631056,23783.410101930014,,,,,OpenACC,RTX4060,56,55,67,340,195,122,535,3707.9444755961445,80.03731343283583,296773.9141848407
MatrixMultiplication,OpenACC,64,29016.995474216605,29015.60136402387,28149.363299232737,,,,,OpenACC,RTX4060,56,55,67,340,195,122,535,3707.9444755961445,80.03731343283583,296773.9141848407
MatrixMultiplication,OpenACC,128,56698.84795719952,56687.83344145314,52247.438290626014,,,,,OpenACC,RTX4060,56,55,67,340,195,122,535,3707.9444755961445,80.03731343283583,296773.9141848407
MatrixMultiplication,OpenACC,256,177698.5026688151,177630.79070941688,162369.50997222922,,,,,OpenACC,RTX4060,56,55,67,340,195,122,535,3707.9444755961445,80.03731343283583,296773.9141848407
MatrixMultiplication,OpenACC,512,907604.1991751336,907432.589909444,837879.2936610609,,,,,OpenACC,RTX4060,56,55,67,340,195,122,535,3707.9444755961445,80.03731343283583,296773.9141848407
MatrixMultiplication,OpenACC,1024,6910388.454758,6907697.663366335,4677201.712871287,,,,,OpenACC,RTX4060,56,55,67,340,195,122,535,3707.9444755961445,80.03731343283583,296773.9141848407
MatrixMultiplication,OpenACC,2048,42455400.063772686,42452326.56250003,31791768.3125,,,,,OpenACC,RTX4060,56,55,67,340,195,122,535,3707.9444755961445,80.03731343283583,296773.9141848407
MatrixMultiplication,OpenACC,4096,1129512639.0177755,1129351011.0000007,1085888919.0,,,,,OpenACC,RTX4060,56,55,67,340,195,122,535,3707.9444755961445,80.03731343283583,296773.9141848407
MatrixMultiplication,OpenACC,8192,8769776195.986197,8480988254.0,8603004355.0,,,,,OpenACC,RTX4060,56,55,67,340,195,122,535,3707.9444755961445,80.03731343283583,296773.9141848407
MatrixMultiplication,AdaptiveCpp,32,137438.66110027808,60020.48504292815,37499.80659737912,,,,Naive,AdaptiveCpp[Naive],RTX4060,67,61,85,474,241,146,715,5140.724559599213,86.4764705882353,444551.71618040017
MatrixMultiplication,AdaptiveCpp,64,248267.25602383175,104473.1907728824,63365.95282599021,,,,Naive,AdaptiveCpp[Naive],RTX4060,67,61,85,474,241,146,715,5140.724559599213,86.4764705882353,444551.71618040017
MatrixMultiplication,AdaptiveCpp,128,187804.7378516288,144404.4525888325,100596.62944162436,,,,Naive,AdaptiveCpp[Naive],RTX4060,67,61,85,474,241,146,715,5140.724559599213,86.4764705882353,444551.71618040017
MatrixMultiplication,AdaptiveCpp,256,630210.0645893432,477076.4124914208,370590.9238160604,,,,Naive,AdaptiveCpp[Naive],RTX4060,67,61,85,474,241,146,715,5140.724559599213,86.4764705882353,444551.71618040017
MatrixMultiplication,AdaptiveCpp,512,3536794.3773060353,2700067.301526719,2330302.1679389314,,,,Naive,AdaptiveCpp[Naive],RTX4060,67,61,85,474,241,146,715,5140.724559599213,86.4764705882353,444551.71618040017
MatrixMultiplication,AdaptiveCpp,1024,23198393.769288328,20511778.91176468,16766162.76470588,,,,Naive,AdaptiveCpp[Naive],RTX4060,67,61,85,474,241,146,715,5140.724559599213,86.4764705882353,444551.71618040017
MatrixMultiplication,AdaptiveCpp,2048,149349805.61956763,145660364.60000014,130733654.4,,,,Naive,AdaptiveCpp[Naive],RTX4060,67,61,85,474,241,146,715,5140.724559599213,86.4764705882353,444551.71618040017
MatrixMultiplication,AdaptiveCpp,4096,1102683823.7885385,1087233225.0000002,1037644160.0,,,,Naive,AdaptiveCpp[Naive],RTX4060,67,61,85,474,241,146,715,5140.724559599213,86.4764705882353,444551.71618040017
MatrixMultiplication,AdaptiveCpp,8192,8520454175.071791,8470403190.000001,8263912960.0,,,,Naive,AdaptiveCpp[Naive],RTX4060,67,61,85,474,241,146,715,5140.724559599213,86.4764705882353,444551.71618040017
MatrixMultiplication,AdaptiveCpp,32,128554.64295307544,55731.71536697237,31597.047094801223,,,,SharedMemory,AdaptiveCpp[SharedMemory],RTX4060,94,65,102,618,326,167,944,6970.216852095505,103.87254901960785,724014.191646587
MatrixMultiplication,AdaptiveCpp,64,246834.4350547894,95364.91704454509,53621.93224859962,,,,SharedMemory,AdaptiveCpp[SharedMemory],RTX4060,94,65,102,618,326,167,944,6970.216852095505,103.87254901960785,724014.191646587
MatrixMultiplication,AdaptiveCpp,128,141990.6442854205,94141.58033700396,50400.73026403078,,,,SharedMemory,AdaptiveCpp[SharedMemory],RTX4060,94,65,102,618,326,167,944,6970.216852095505,103.87254901960785,724014.191646587
MatrixMultiplication,AdaptiveCpp,256,310429.66757892043,234943.18111214665,107530.30879155015,,,,SharedMemory,AdaptiveCpp[SharedMemory],RTX4060,94,65,102,618,326,167,944,6970.216852095505,103.87254901960785,724014.191646587
MatrixMultiplication,AdaptiveCpp,512,1124328.0764406167,829108.9004629616,400431.3333333333,,,,SharedMemory,AdaptiveCpp[SharedMemory],RTX4060,94,65,102,618,326,167,944,6970.216852095505,103.87254901960785,724014.191646587
MatrixMultiplication,AdaptiveCpp,1024,5777008.088076847,4148894.3157894863,2875001.6374269007,,,,SharedMemory,AdaptiveCpp[SharedMemory],RTX4060,94,65,102,618,326,167,944,6970.216852095505,103.87254901960785,724014.191646587
MatrixMultiplication,AdaptiveCpp,2048,41176117.70052463,34714166.15000002,19490430.4,,,,SharedMemory,AdaptiveCpp[SharedMemory],RTX4060,94,65,102,618,326,167,944,6970.216852095505,103.87254901960785,724014.191646587
MatrixMultiplication,AdaptiveCpp,4096,222329420.5032289,199354076.7500015,147382496.0,,,,SharedMemory,AdaptiveCpp[SharedMemory],RTX4060,94,65,102,618,326,167,944,6970.216852095505,103.87254901960785,724014.191646587
MatrixMultiplication,AdaptiveCpp,8192,1412247946.9515383,1363890193.9999998,1160219520.0,,,,SharedMemory,AdaptiveCpp[SharedMemory],RTX4060,94,65,102,618,326,167,944,6970.216852095505,103.87254901960785,724014.191646587
MatrixMultiplication,Alpaka,32,103361.4942067186,93722.48024891775,17459.260146103898,,,,,Alpaka,RTX4060,109,48,116,635,405,164,1040,7651.854084802807,83.79310344827586,641172.6008989938
MatrixMultiplication,Alpaka,64,133188.09420581648,110781.85361972947,29292.487509944312,,,,,Alpaka,RTX4060,109,48,116,635,405,164,1040,7651.854084802807,83.79310344827586,641172.6008989938
MatrixMultiplication,Alpaka,128,163402.18085601565,149283.60313426514,53111.35324015248,,,,,Alpaka,RTX4060,109,48,116,635,405,164,1040,7651.854084802807,83.79310344827586,641172.6008989938
MatrixMultiplication,Alpaka,256,547224.9856162547,458517.0694626478,292340.83224115334,,,,,Alpaka,RTX4060,109,48,116,635,405,164,1040,7651.854084802807,83.79310344827586,641172.6008989938
MatrixMultiplication,Alpaka,512,2899805.133636216,2665918.0267175576,2102091.4045801526,,,,,Alpaka,RTX4060,109,48,116,635,405,164,1040,7651.854084802807,83.79310344827586,641172.6008989938
MatrixMultiplication,Alpaka,1024,19615928.1829176,18405050.52631579,16612563.368421054,,,,,Alpaka,RTX4060,109,48,116,635,405,164,1040,7651.854084802807,83.79310344827586,641172.6008989938
MatrixMultiplication,Alpaka,2048,138916977.77435184,138902437.4,131845083.8,,,,,Alpaka,RTX4060,109,48,116,635,405,164,1040,7651.854084802807,83.79310344827586,641172.6008989938
MatrixMultiplication,Alpaka,4096,1218427767.9771185,1153997808.9999998,1107041858.0,,,,,Alpaka,RTX4060,109,48,116,635,405,164,1040,7651.854084802807,83.79310344827586,641172.6008989938
MatrixMultiplication,Alpaka,8192,30530631338.013336,30239686718.0,30317875498.0,,,,,Alpaka,RTX4060,109,48,116,635,405,164,1040,7651.854084802807,83.79310344827586,641172.6008989938
MatrixMultiplication,Boost,32,116991.0334761344,106580.22032838156,4694.562627052384,,,,,Boost,RTX4060,106,57,97,618,356,154,974,7077.850090636834,104.59793814432989,740328.5259752712
MatrixMultiplication,Boost,64,121594.44115499264,110906.34722448316,6009.821911118346,,,,,Boost,RTX4060,106,57,97,618,356,154,974,7077.850090636834,104.59793814432989,740328.5259752712
MatrixMultiplication,Boost,128,139455.20583152684,126293.09401075462,8837.458928240312,,,,,Boost,RTX4060,106,57,97,618,356,154,974,7077.850090636834,104.59793814432989,740328.5259752712
MatrixMultiplication,Boost,256,264710.3285470485,221264.68199233725,38289.40996168582,,,,,Boost,RTX4060,106,57,97,618,356,154,974,7077.850090636834,104.59793814432989,740328.5259752712
MatrixMultiplication,Boost,512,886513.2035844657,802553.4662650595,256912.15421686744,,,,,Boost,RTX4060,106,57,97,618,356,154,974,7077.850090636834,104.59793814432989,740328.5259752712
MatrixMultiplication,Boost,1024,4346294.159021897,3597176.9384615435,1973338.5846153847,,,,,Boost,RTX4060,106,57,97,618,356,154,974,7077.850090636834,104.59793814432989,740328.5259752712
MatrixMultiplication,Boost,2048,24815228.44027495,21892177.906249978,15710333.0,,,,,Boost,RTX4060,106,57,97,618,356,154,974,7077.850090636834,104.59793814432989,740328.5259752712
MatrixMultiplication,Boost,4096,199249312.74726987,199235519.25000015,154223112.0,,,,,Boost,RTX4060,106,57,97,618,356,154,974,7077.850090636834,104.59793814432989,740328.5259752712
MatrixMultiplication,Boost,8192,1431452105.0546317,1431122928.0000007,1252471808.0,,,,,Boost,RTX4060,106,57,97,618,356,154,974,7077.850090636834,104.59793814432989,740328.5259752712
MatrixMultiplication,CPP,32,1956.0102536664417,1955.439919762092,1878.2967007069913,,,,,CPP,RTX4060,48,45,59,292,160,104,452,3028.5987525997734,61.01694915254237,184795.8560908336
MatrixMultiplication,CPP,64,12825.896847670132,12825.484204543369,12580.684970939294,,,,,CPP,RTX4060,48,45,59,292,160,104,452,3028.5987525997734,61.01694915254237,184795.8560908336
MatrixMultiplication,CPP,128,83206.53842747219,82829.4808325494,82025.01023047978,,,,,CPP,RTX4060,48,45,59,292,160,104,452,3028.5987525997734,61.01694915254237,184795.8560908336
MatrixMultiplication,CPP,256,951849.2604004428,951550.065395096,839401.8596730245,,,,,CPP,RTX4060,48,45,59,292,160,104,452,3028.5987525997734,61.01694915254237,184795.8560908336
MatrixMultiplication,CPP,512,7861023.681471124,7859070.624999994,7271579.625,,,,,CPP,RTX4060,48,45,59,292,160,104,452,3028.5987525997734,61.01694915254237,184795.8560908336
MatrixMultiplication,CPP,1024,69407262.09431887,69385303.00000006,66713605.0,,,,,CPP,RTX4060,48,45,59,292,160,104,452,3028.5987525997734,61.01694915254237,184795.8560908336
MatrixMultiplication,CPP,2048,562717372.0858991,562690846.9999999,549124618.0,,,,,CPP,RTX4060,48,45,59,292,160,104,452,3028.5987525997734,61.01694915254237,184795.8560908336
MatrixMultiplication,CPP,4096,4553251426.899806,4552130152.999999,4505767417.0,,,,,CPP,RTX4060,48,45,59,292,160,104,452,3028.5987525997734,61.01694915254237,184795.8560908336
MatrixMultiplication,CPP,8192,40788002928.95175,40746958260.0,40595223949.0,,,,,CPP,RTX4060,48,45,59,292,160,104,452,3028.5987525997734,61.01694915254237,184795.8560908336
MatrixMultiplication,Cublas,32,27578.787273087004,27572.11401566084,6911.091483056305,,,,,Cublas,RTX4060,66,47,55,374,180,102,554,3696.5236394522085,76.90909090909092,284296.2726342335
MatrixMultiplication,Cublas,64,32381.386238827537,32367.364439129837,7579.350830426067,,,,,Cublas,RTX4060,66,47,55,374,180,102,554,3696.5236394522085,76.90909090909092,284296.2726342335
MatrixMultiplication,Cublas,128,50734.397160455876,50719.82530999269,5396.775475904932,,,,,Cublas,RTX4060,66,47,55,374,180,102,554,3696.5236394522085,76.90909090909092,284296.2726342335
MatrixMultiplication,Cublas,256,130405.80472021645,130355.78122690324,11823.314114205996,,,,,Cublas,RTX4060,66,47,55,374,180,102,554,3696.5236394522085,76.90909090909092,284296.2726342335
MatrixMultiplication,Cublas,512,583170.3746950203,531913.3580060424,44923.48040597587,,,,,Cublas,RTX4060,66,47,55,374,180,102,554,3696.5236394522085,76.90909090909092,284296.2726342335
MatrixMultiplication,Cublas,1024,4989188.939163631,4225807.569696974,240450.13360904928,,,,,Cublas,RTX4060,66,47,55,374,180,102,554,3696.5236394522085,76.90909090909092,284296.2726342335
MatrixMultiplication,Cublas,2048,20428305.08128789,18799062.157894723,1917710.3136715137,,,,,Cublas,RTX4060,66,47,55,374,180,102,554,3696.5236394522085,76.90909090909092,284296.2726342335
MatrixMultiplication,Cublas,4096,82838094.09476817,79775832.11111109,14056199.073791504,,,,,Cublas,RTX4060,66,47,55,374,180,102,554,3696.5236394522085,76.90909090909092,284296.2726342335
MatrixMultiplication,Cublas,8192,387515676.4406711,387425040.0000001,130189437.86621094,,,,,Cublas,RTX4060,66,47,55,374,180,102,554,3696.5236394522085,76.90909090909092,284296.2726342335
MatrixMultiplication,Cuda,32,656693.3519286677,599450.8998287661,5723.205542555462,,,,Naive,Cuda[Naive],RTX4060,82,69,67,581,257,136,838,5939.293860967784,132.3358208955224,785981.3286309084
MatrixMultiplication,Cuda,64,721582.5876496771,601404.7564543888,6466.203271820115,,,,Naive,Cuda[Naive],RTX4060,82,69,67,581,257,136,838,5939.293860967784,132.3358208955224,785981.3286309084
MatrixMultiplication,Cuda,128,691786.5486637463,628799.7846291341,9199.213838309608,,,,Naive,Cuda[Naive],RTX4060,82,69,67,581,257,136,838,5939.293860967784,132.3358208955224,785981.3286309084
MatrixMultiplication,Cuda,256,846881.432355278,711098.0565656571,45163.28074263804,,,,Naive,Cuda[Naive],RTX4060,82,69,67,581,257,136,838,5939.293860967784,132.3358208955224,785981.3286309084
MatrixMultiplication,Cuda,512,1300153.7834516333,1190720.6565143815,279902.48345481564,,,,Naive,Cuda[Naive],RTX4060,82,69,67,581,257,136,838,5939.293860967784,132.3358208955224,785981.3286309084
MatrixMultiplication,Cuda,1024,4493003.865073045,3765520.1720430106,2098606.1096191406,,,,Naive,Cuda[Naive],RTX4060,82,69,67,581,257,136,838,5939.293860967784,132.3358208955224,785981.3286309084
MatrixMultiplication,Cuda,2048,33118567.44810939,27684112.52000007,16650698.318481443,,,,Naive,Cuda[Naive],RTX4060,82,69,67,581,257,136,838,5939.293860967784,132.3358208955224,785981.3286309084
MatrixMultiplication,Cuda,4096,220232735.21335796,195254188.00000072,153298664.09301758,,,,Naive,Cuda[Naive],RTX4060,82,69,67,581,257,136,838,5939.293860967784,132.3358208955224,785981.3286309084
MatrixMultiplication,Cuda,8192,1468068680.9588225,1424668205.9999998,1258519165.0390625,,,,Naive,Cuda[Naive],RTX4060,82,69,67,581,257,136,838,5939.293860967784,132.3358208955224,785981.3286309084
MatrixMultiplication,Kokkos,32,49629.59193862265,49618.46813988414,6342.510763069441,,,,,Kokkos,RTX4060,64,50,74,448,254,124,702,4881.845809891586,85.8108108108108,418915.14720015635
MatrixMultiplication,Kokkos,64,52915.01608939459,52903.81204281203,7532.319704319704,,,,,Kokkos,RTX4060,64,50,74,448,254,124,702,4881.845809891586,85.8108108108108,418915.14720015635
MatrixMultiplication,Kokkos,128,74940.47827397783,74923.47559139783,10583.190215053764,,,,,Kokkos,RTX4060,64,50,74,448,254,124,702,4881.845809891586,85.8108108108108,418915.14720015635
MatrixMultiplication,Kokkos,256,176075.15521812017,176065.458688032,40586.52679018528,,,,,Kokkos,RTX4060,64,50,74,448,254,124,702,4881.845809891586,85.8108108108108,418915.14720015635
MatrixMultiplication,Kokkos,512,877630.3163917582,806512.9552752292,261468.4873853211,,,,,Kokkos,RTX4060,64,50,74,448,254,124,702,4881.845809891586,85.8108108108108,418915.14720015635
MatrixMultiplication,Kokkos,1024,7038765.069511201,5985416.623931622,1982354.358974359,,,,,Kokkos,RTX4060,64,50,74,448,254,124,702,4881.845809891586,85.8108108108108,418915.14720015635
MatrixMultiplication,Kokkos,2048,36110914.190344155,32864712.28571427,15908892.523809524,,,,,Kokkos,RTX4060,64,50,74,448,254,124,702,4881.845809891586,85.8108108108108,418915.14720015635
MatrixMultiplication,Kokkos,4096,270670098.0197638,270563658.9999999,205051714.33333337,,,,,Kokkos,RTX4060,64,50,74,448,254,124,702,4881.845809891586,85.8108108108108,418915.14720015635
MatrixMultiplication,Kokkos,8192,1912280739.983544,1901225181.9999993,1654708361.0,,,,,Kokkos,RTX4060,64,50,74,448,254,124,702,4881.845809891586,85.8108108108108,418915.14720015635
MatrixMultiplication,OpenCL,32,93499.6279135009,85264.18977103036,4695.191637630662,,,,,OpenCL,RTX4060,195,89,112,1157,501,201,1658,12685.443703974664,199.05803571428572,2525139.5058773495
MatrixMultiplication,OpenCL,64,104884.05099177864,87801.51203091886,6027.8568757012845,,,,,OpenCL,RTX4060,195,89,112,1157,501,201,1658,12685.443703974664,199.05803571428572,2525139.5058773495
MatrixMultiplication,OpenCL,128,127854.52034768988,107253.40908398114,8886.659960371895,,,,,OpenCL,RTX4060,195,89,112,1157,501,201,1658,12685.443703974664,199.05803571428572,2525139.5058773495
MatrixMultiplication,OpenCL,256,242008.58882604504,212679.75535444933,38442.80180995475,,,,,OpenCL,RTX4060,195,89,112,1157,501,201,1658,12685.443703974664,199.05803571428572,2525139.5058773495
MatrixMultiplication,OpenCL,512,1010572.1218902888,847728.5422705313,256941.4879227053,,,,,OpenCL,RTX4060,195,89,112,1157,501,201,1658,12685.443703974664,199.05803571428572,2525139.5058773495
MatrixMultiplication,OpenCL,1024,7774161.939236402,7110607.191919195,1969649.1313131312,,,,,OpenCL,RTX4060,195,89,112,1157,501,201,1658,12685.443703974664,199.05803571428572,2525139.5058773495
MatrixMultiplication,OpenCL,2048,44331899.57451663,37456093.8947368,15670189.47368421,,,,,OpenCL,RTX4060,195,89,112,1157,501,201,1658,12685.443703974664,199.05803571428572,2525139.5058773495
MatrixMultiplication,OpenCL,4096,243606853.60928375,239825133.99999955,154120458.66666666,,,,,OpenCL,RTX4060,195,89,112,1157,501,201,1658,12685.443703974664,199.05803571428572,2525139.5058773495
MatrixMultiplication,OpenCL,8192,1613127073.9715548,1594485837.0000005,1262205952.0,,,,,OpenCL,RTX4060,195,89,112,1157,501,201,1658,12685.443703974664,199.05803571428572,2525139.5058773495
MatrixMultiplication,OpenMP,32,106556.4986983978,35271.75821860762,105716.54813580912,,,,,OpenMP,RTX4060,52,47,71,333,192,118,525,3613.3876009149667,63.54929577464789,229628.23739899058
MatrixMultiplication,OpenMP,64,113371.63863632108,39757.52557238865,112208.18578425788,,,,,OpenMP,RTX4060,52,47,71,333,192,118,525,3613.3876009149667,63.54929577464789,229628.23739899058
MatrixMultiplication,OpenMP,128,117160.57624887166,46869.954330175904,112362.20345060893,,,,,OpenMP,RTX4060,52,47,71,333,192,118,525,3613.3876009149667,63.54929577464789,229628.23739899058
MatrixMultiplication,OpenMP,256,282014.6609117109,92262.18425504227,261458.01678594665,,,,,OpenMP,RTX4060,52,47,71,333,192,118,525,3613.3876009149667,63.54929577464789,229628.23739899058
MatrixMultiplication,OpenMP,512,1296459.336510584,392342.5347091932,1225881.6735459662,,,,,OpenMP,RTX4060,52,47,71,333,192,118,525,3613.3876009149667,63.54929577464789,229628.23739899058
MatrixMultiplication,OpenMP,1024,9374787.870093426,3992155.2078651697,6656876.050561798,,,,,OpenMP,RTX4060,52,47,71,333,192,118,525,3613.3876009149667,63.54929577464789,229628.23739899058
MatrixMultiplication,OpenMP,2048,53657556.003777355,17553490.90243903,41173761.12195122,,,,,OpenMP,RTX4060,52,47,71,333,192,118,525,3613.3876009149667,63.54929577464789,229628.23739899058
MatrixMultiplication,OpenMP,4096,448633239.7907972,67427687.30000001,402592193.4,,,,,OpenMP,RTX4060,52,47,71,333,192,118,525,3613.3876009149667,63.54929577464789,229628.23739899058
MatrixMultiplication,OpenMP,8192,6539943247.102201,261760690.0000009,6350132543.0,,,,,OpenMP,RTX4060,52,47,71,333,192,118,525,3613.3876009149667,63.54929577464789,229628.23739899058
MatrixMultiplication,Vulkan,32,2498739.312557619,2207609.938110749,391333.5960912052,,,,,Vulkan,RTX4060,266,93,225,1749,978,318,2727,22669.231819060435,202.12,4581905.135268495
MatrixMultiplication,Vulkan,64,2563776.866574386,2263830.079617834,396520.0286624204,,,,,Vulkan,RTX4060,266,93,225,1749,978,318,2727,22669.231819060435,202.12,4581905.135268495
MatrixMultiplication,Vulkan,128,2984626.288361795,2404160.274647886,404213.2218309859,,,,,Vulkan,RTX4060,266,93,225,1749,978,318,2727,22669.231819060435,202.12,4581905.135268495
MatrixMultiplication,Vulkan,256,4482990.0722759655,3572468.620512823,455902.7128205128,,,,,Vulkan,RTX4060,266,93,225,1749,978,318,2727,22669.231819060435,202.12,4581905.135268495
MatrixMultiplication,Vulkan,512,7005509.058944881,5600245.466666665,730669.8,,,,,Vulkan,RTX4060,266,93,225,1749,978,318,2727,22669.231819060435,202.12,4581905.135268495
MatrixMultiplication,Vulkan,1024,22862752.82866605,14793254.391304327,3246636.7391304346,,,,,Vulkan,RTX4060,266,93,225,1749,978,318,2727,22669.231819060435,202.12,4581905.135268495
MatrixMultiplication,Vulkan,2048,112555696.99486452,78755006.57142861,20809131.0,,,,,Vulkan,RTX4060,266,93,225,1749,978,318,2727,22669.231819060435,202.12,4581905.135268495
MatrixMultiplication,Vulkan,4096,806729391.9157237,483319894.00000006,270233779.0,,,,,Vulkan,RTX4060,266,93,225,1749,978,318,2727,22669.231819060435,202.12,4581905.135268495
MatrixMultiplication,Vulkan,8192,4200082994.9975014,1927979867.9999995,2153051551.0,,,,,Vulkan,RTX4060,266,93,225,1749,978,318,2727,22669.231819060435,202.12,4581905.135268495
NBody,AdaptiveCpp,10,53711713.56091508,21532206.624999993,,4496098.0,4302896.0,4698591.0,,AdaptiveCpp,RTX4060,201,69,139,1331,749,208,2080,16016.91461373347,185.90287769784175,2977590.5185336675
NBody,AdaptiveCpp,100,63998940.77533288,30979103.217391316,,4581437.217391305,4402219.130434782,13854100.869565217,,AdaptiveCpp,RTX4060,201,69,139,1331,749,208,2080,16016.91461373347,185.90287769784175,2977590.5185336675
NBody,AdaptiveCpp,1000,162096516.8112889,123999423.99999996,,5736325.333333333,5478122.666666667,105332352.0,,AdaptiveCpp,RTX4060,201,69,139,1331,749,208,2080,16016.91461373347,185.90287769784175,2977590.5185336675
NBody,AdaptiveCpp,10000,1170085630.1467867,1088175338.0,,12283168.0,14248896.0,1079019136.0,,AdaptiveCpp,RTX4060,201,69,139,1331,749,208,2080,16016.91461373347,185.90287769784175,2977590.5185336675
NBody,Alpaka,10,19060948.077822104,17533853.475,,4789888.65,4708665.225,5946151.3,,Alpaka,RTX4060,246,55,164,1558,969,219,2527,19646.886899612167,162.48475609756096,3192319.6259598485
NBody,Alpaka,100,30656259.04127955,28719393.0,,4934797.083333333,4800166.833333333,16890710.333333332,,Alpaka,RTX4060,246,55,164,1558,969,219,2527,19646.886899612167,162.48475609756096,3192319.6259598485
NBody,Alpaka,1000,512534789.04254735,512414710.99999994,,6535540.0,5712349.0,497437680.0,,Alpaka,RTX4060,246,55,164,1558,969,219,2527,19646.886899612167,162.48475609756096,3192319.6259598485
NBody,Alpaka,10000,7399798333.877698,7398223896.000001,,6934460.0,6049593.0,7383271052.0,,Alpaka,RTX4060,246,55,164,1558,969,219,2527,19646.886899612167,162.48475609756096,3192319.6259598485
NBody,Boost,10,41202602.830405034,39523315.55555555,,3175950.222222222,3036762.6666666665,4493514.666666667,,Boost,RTX4060,243,65,156,1434,861,221,2295,17873.236373803335,179.375,3206011.774550973
NBody,Boost,100,55026728.493560635,48529802.07142855,,3195958.8571428573,3057385.1428571427,13572077.714285716,,Boost,RTX4060,243,65,156,1434,861,221,2295,17873.236373803335,179.375,3206011.774550973
NBody,Boost,1000,147873721.78398073,142848732.8,,3638035.2,3505235.2,104091628.8,,Boost,RTX4060,243,65,156,1434,861,221,2295,17873.236373803335,179.375,3206011.774550973
NBody,Boost,10000,2083927402.03999,2083420784.9999995,,4290592.0,4068000.0,2042869920.0,,Boost,RTX4060,243,65,156,1434,861,221,2295,17873.236373803335,179.375,3206011.774550973
NBody,CPP,10,637096.1075244506,636821.7415094341,,449317.2481132075,14988.395283018868,135008.80566037737,,CPP,RTX4060,107,53,100,674,366,153,1040,7547.683356400358,96.99000000000001,732049.8087372708
NBody,CPP,100,13498614.461591035,13497955.096153846,,225066.65384615384,81916.78846153847,13154127.173076924,,CPP,RTX4060,107,53,100,674,366,153,1040,7547.683356400358,96.99000000000001,732049.8087372708
NBody,CPP,1000,1340654310.0718408,1340201240.0000002,,1176865.0,836206.0,1338564183.0,,CPP,RTX4060,107,53,100,674,366,153,1040,7547.683356400358,96.99000000000001,732049.8087372708
NBody,CPP,10000,131677574136.0616,131608458983.99998,,12072128.0,9036624.0,131655893536.0,,CPP,RTX4060,107,53,100,674,366,153,1040,7547.683356400358,96.99000000000001,732049.8087372708
NBody,Cuda,10,29602585.3138417,27856496.760000005,,3192606.773376465,3081748.5639918596,69.70535884171724,,Cuda,RTX4060,210,72,126,1507,699,198,2206,16830.360703895618,199.71428571428572,3361263.4662922965
NBody,Cuda,100,35979975.713416934,33477469.61904762,,3214968.4331823317,3098102.9336495944,159.2337302182402,,Cuda,RTX4060,210,72,126,1507,699,198,2206,16830.360703895618,199.71428571428572,3361263.4662922965
NBody,Cuda,1000,144089174.82942343,132890550.00000004,,4292742.37761274,3798073.61708954,1692.216089940071,,Cuda,RTX4060,210,72,126,1507,699,198,2206,16830.360703895618,199.71428571428572,3361263.4662922965
NBody,Cuda,10000,1015976118.8551784,1015786942.0,,4637695.936020464,3982112.0018605143,15791.620156288149,,Cuda,RTX4060,210,72,126,1507,699,198,2206,16830.360703895618,199.71428571428572,3361263.4662922965
NBody,Kokkos,10,12564379.31125137,12561931.727272725,,1491635.290909091,4729261.418181818,6046478.672727273,,Kokkos,RTX4060,213,72,134,1290,700,206,1990,15296.136049094604,188.05970149253733,2876586.7793819704
NBody,Kokkos,100,15083541.627973318,15080562.239130436,,1514981.4347826086,4802192.673913044,8459700.52173913,,Kokkos,RTX4060,213,72,134,1290,700,206,1990,15296.136049094604,188.05970149253733,2876586.7793819704
NBody,Kokkos,1000,193459831.5274343,193425451.25,,1749845.25,5275257.25,186095079.25,,Kokkos,RTX4060,213,72,134,1290,700,206,1990,15296.136049094604,188.05970149253733,2876586.7793819704
NBody,Kokkos,10000,17459291456.96573,17454917791.0,,1907283.0,7276626.0,17449259195.0,,Kokkos,RTX4060,213,72,134,1290,700,206,1990,15296.136049094604,188.05970149253733,2876586.7793819704
NBody,OpenCL,10,34693856.296750404,29248322.250000004,,1.844674407347409e+19,52945.333333333336,1.8446650248717048e+22,,OpenCL,RTX4060,341,95,175,2060,925,270,2985,24109.294557196732,251.07142857142856,6053155.026324751
NBody,OpenCL,100,29685999.918729067,28150322.52,,1.8446744073474036e+19,96000.0,1.8446650248717048e+22,,OpenCL,RTX4060,341,95,175,2060,925,270,2985,24109.294557196732,251.07142857142856,6053155.026324751
NBody,OpenCL,1000,129257516.46980643,120460414.83333331,,1.8446744073474048e+19,992000.0,1.844665024871704e+22,,OpenCL,RTX4060,341,95,175,2060,925,270,2985,24109.294557196732,251.07142857142856,6053155.026324751
NBody,OpenCL,10000,2061659256.927669,2061164457.0,,1.8446744073484272e+19,9984000.0,1.8446650248717043e+22,,OpenCL,RTX4060,341,95,175,2060,925,270,2985,24109.294557196732,251.07142857142856,6053155.026324751
NBody,OpenMP,10,105523758.33503902,38305504.94444445,,49227109.0,22400273.833333332,33760612.833333336,,OpenMP,RTX4060,204,67,120,1266,728,187,1994,15048.507553015947,203.23333333333332,3058358.351691274
NBody,OpenMP,100,262649014.28949088,38089488.80000003,,56401163.8,25935035.0,180153607.4,,OpenMP,RTX4060,204,67,120,1266,728,187,1994,15048.507553015947,203.23333333333332,3058358.351691274
NBody,OpenMP,1000,1841358937.68897,93724997.28571424,,110626114.85714284,107445748.14285716,1622868923.142857,,OpenMP,RTX4060,204,67,120,1266,728,187,1994,15048.507553015947,203.23333333333332,3058358.351691274
NBody,OpenMP,10000,44044702105.92262,202260030.00000015,,411192028.0,403863809.0,43227580453.0,,OpenMP,RTX4060,204,67,120,1266,728,187,1994,15048.507553015947,203.23333333333332,3058358.351691274
NBody,Vulkan,10,1969754019.984975,1667637656.0,,461149910.0,402773579.0,524476868.0,,Vulkan,RTX4060,365,93,256,2336,1354,349,3690,31169.73710471362,245.94140625,7665928.97597607
NBody,Vulkan,100,1898964696.098119,1603278260.9999998,,521157255.0,393933713.0,465686949.0,,Vulkan,RTX4060,365,93,256,2336,1354,349,3690,31169.73710471362,245.94140625,7665928.97597607
NBody,Vulkan,1000,2079267986.1187935,1628641804.0,,472694106.0,527840589.0,560243029.0,,Vulkan,RTX4060,365,93,256,2336,1354,349,3690,31169.73710471362,245.94140625,7665928.97597607
NBody,Vulkan,10000,3491176888.1138415,1818683849.0,,563884018.0,444530879.0,1888246751.0,,Vulkan,RTX4060,365,93,256,2336,1354,349,3690,31169.73710471362,245.94140625,7665928.97597607
VecAdd,OpenACC,1000,16711.540902668217,16707.340234262025,16341.33490793406,,,,,OpenACC,RTX4060,41,52,52,246,123,104,369,2472.462255994063,61.5,152056.42874363487
VecAdd,OpenACC,10000,31574.146953648513,31568.92223817644,29314.648164767117,,,,,OpenACC,RTX4060,41,52,52,246,123,104,369,2472.462255994063,61.5,152056.42874363487
VecAdd,OpenACC,100000,161276.03894537664,161214.7406563355,138880.76868732908,,,,,OpenACC,RTX4060,41,52,52,246,123,104,369,2472.462255994063,61.5,152056.42874363487
VecAdd,OpenACC,1000000,3352672.9990652446,3352009.961722486,1045825.1291866028,,,,,OpenACC,RTX4060,41,52,52,246,123,104,369,2472.462255994063,61.5,152056.42874363487
VecAdd,OpenACC,10000000,34379253.08632354,34363734.428571425,10171517.333333334,,,,,OpenACC,RTX4060,41,52,52,246,123,104,369,2472.462255994063,61.5,152056.42874363487
VecAdd,OpenACC,100000000,353158396.4359015,353040278.5,100336957.0,,,,,OpenACC,RTX4060,41,52,52,246,123,104,369,2472.462255994063,61.5,152056.42874363487
VecAdd,AdaptiveCpp,1000,241301.420651607,209033.2961441214,29380.429835651074,,,,,AdaptiveCpp,RTX4060,47,52,64,338,154,116,492,3374.126649602765,62.5625,211093.798515773
VecAdd,AdaptiveCpp,10000,269612.10316619463,233431.54770797963,50019.379286927,,,,,AdaptiveCpp,RTX4060,47,52,64,338,154,116,492,3374.126649602765,62.5625,211093.798515773
VecAdd,AdaptiveCpp,100000,461506.4519105875,401569.3237986268,85689.81235697941,,,,,AdaptiveCpp,RTX4060,47,52,64,338,154,116,492,3374.126649602765,62.5625,211093.798515773
VecAdd,AdaptiveCpp,1000000,5125623.822006528,4318153.6993865,634777.5214723926,,,,,AdaptiveCpp,RTX4060,47,52,64,338,154,116,492,3374.126649602765,62.5625,211093.798515773
VecAdd,AdaptiveCpp,10000000,45150948.559037514,38104534.72222224,4883116.444444444,,,,,AdaptiveCpp,RTX4060,47,52,64,338,154,116,492,3374.126649602765,62.5625,211093.798515773
VecAdd,AdaptiveCpp,100000000,426646976.96454823,359915962.4999997,30672912.0,,,,,AdaptiveCpp,RTX4060,47,52,64,338,154,116,492,3374.126649602765,62.5625,211093.798515773
VecAdd,Alpaka,1000,90255.142492618,81700.0486709552,5023.28437917223,,,,,Alpaka,RTX4060,83,44,96,487,295,140,782,5575.099319250964,67.60416666666666,376899.943561862
VecAdd,Alpaka,10000,104009.91925532464,94427.9266067538,4748.24128540305,,,,,Alpaka,RTX4060,83,44,96,487,295,140,782,5575.099319250964,67.60416666666666,376899.943561862
VecAdd,Alpaka,100000,248773.5686877362,226848.49934554973,6679.5798429319375,,,,,Alpaka,RTX4060,83,44,96,487,295,140,782,5575.099319250964,67.60416666666666,376899.943561862
VecAdd,Alpaka,1000000,1703516.5806923932,1555494.2199546478,19990.59410430839,,,,,Alpaka,RTX4060,83,44,96,487,295,140,782,5575.099319250964,67.60416666666666,376899.943561862
VecAdd,Alpaka,10000000,28714235.191448376,27074047.500000007,452584.7307692307,,,,,Alpaka,RTX4060,83,44,96,487,295,140,782,5575.099319250964,67.60416666666666,376899.943561862
VecAdd,Alpaka,100000000,277349404.99067307,270979132.33333355,4735791.0,,,,,Alpaka,RTX4060,83,44,96,487,295,140,782,5575.099319250964,67.60416666666666,376899.943561862
VecAdd,CPP,1000,115.12193801127717,115.08340987635984,45.726645550998974,,,,,CPP,RTX4060,30,37,42,183,89,79,272,1714.628363504172,39.202380952380956,67217.51429784809
VecAdd,CPP,10000,1607.1857411335236,1606.8779678987305,786.6809861708426,,,,,CPP,RTX4060,30,37,42,183,89,79,272,1714.628363504172,39.202380952380956,67217.51429784809
VecAdd,CPP,100000,220164.57736825064,220091.24764002516,9247.368470736312,,,,,CPP,RTX4060,30,37,42,183,89,79,272,1714.628363504172,39.202380952380956,67217.51429784809
VecAdd,CPP,1000000,2856625.473050743,2855898.6938775512,247728.1673469388,,,,,CPP,RTX4060,30,37,42,183,89,79,272,1714.628363504172,39.202380952380956,67217.51429784809
VecAdd,CPP,10000000,30817762.906239793,30809676.95454544,3622798.636363636,,,,,CPP,RTX4060,30,37,42,183,89,79,272,1714.628363504172,39.202380952380956,67217.51429784809
VecAdd,CPP,100000000,320224945.54985315,320137842.0000003,35231220.5,,,,,CPP,RTX4060,30,37,42,183,89,79,272,1714.628363504172,39.202380952380956,67217.51429784809
VecAdd,Cuda,1000000,3521286.45657894,3520397.603015076,20399.75876072843,,,,,Cuda,RTX4060,76,61,48,399,172,109,571,3864.6332494476246,109.29166666666667,422372.2088875467
VecAdd,Cuda,10000000,37806950.41151423,37742005.42105263,428677.05539653177,,,,,Cuda,RTX4060,76,61,48,399,172,109,571,3864.6332494476246,109.29166666666667,422372.2088875467
VecAdd,Cuda,100000000,396358647.5001648,396204878.50000006,4693151.950836182,,,,,Cuda,RTX4060,76,61,48,399,172,109,571,3864.6332494476246,109.29166666666667,422372.2088875467
VecAdd,Cublas,1000000,3824000.993662112,3822640.606557376,18061.81419864704,,,,,Cublas,RTX4060,66,48,47,368,159,95,527,3462.3139055904094,81.19148936170212,281110.42263261706
VecAdd,Cublas,10000000,37524254.95584152,37521727.05263159,429451.7855895193,,,,,Cublas,RTX4060,66,48,47,368,159,95,527,3462.3139055904094,81.19148936170212,281110.42263261706
VecAdd,Cublas,100000000,378697758.54051113,378604276.0000003,4682687.997817993,,,,,Cublas,RTX4060,66,48,47,368,159,95,527,3462.3139055904094,81.19148936170212,281110.42263261706
VecAdd,Kokkos,1000,55212.55131805501,55201.64139542379,14491.44118594908,,,,,Kokkos,RTX4060,45,43,53,299,157,96,456,3002.742900328847,63.68867924528302,191240.72943509478
VecAdd,Kokkos,10000,70074.91845067,70059.79707985696,13872.95152959873,,,,,Kokkos,RTX4060,45,43,53,299,157,96,456,3002.742900328847,63.68867924528302,191240.72943509478
VecAdd,Kokkos,100000,225361.1728256448,225315.7943353718,15565.502092050208,,,,,Kokkos,RTX4060,45,43,53,299,157,96,456,3002.742900328847,63.68867924528302,191240.72943509478
VecAdd,Kokkos,1000000,3730943.065287696,3395121.405405404,60419.65405405405,,,,,Kokkos,RTX4060,45,43,53,299,157,96,456,3002.742900328847,63.68867924528302,191240.72943509478
VecAdd,Kokkos,10000000,79137358.99556842,71623530.77777779,696746.7777777778,,,,,Kokkos,RTX4060,45,43,53,299,157,96,456,3002.742900328847,63.68867924528302,191240.72943509478
VecAdd,Kokkos,100000000,742909083.8413686,741803389.0000002,7278071.0,,,,,Kokkos,RTX4060,45,43,53,299,157,96,456,3002.742900328847,63.68867924528302,191240.72943509478
VecAdd,OpenCL,1000,94300.10542390669,85396.27534591194,3243.020880503145,,,,,OpenCL,RTX4060,143,82,96,894,369,178,1263,9441.85132331056,157.59375,1487976.7569829735
VecAdd,OpenCL,10000,100691.0711501078,91044.49837089331,2940.2595710019004,,,,,OpenCL,RTX4060,143,82,96,894,369,178,1263,9441.85132331056,157.59375,1487976.7569829735
VecAdd,OpenCL,100000,263169.9416992634,238095.88306451635,4734.310850439882,,,,,OpenCL,RTX4060,143,82,96,894,369,178,1263,9441.85132331056,157.59375,1487976.7569829735
VecAdd,OpenCL,1000000,5977952.936922925,5032661.409722226,18571.555555555555,,,,,OpenCL,RTX4060,143,82,96,894,369,178,1263,9441.85132331056,157.59375,1487976.7569829735
VecAdd,OpenCL,10000000,65858645.63980563,63688729.45454547,449405.0909090909,,,,,OpenCL,RTX4060,143,82,96,894,369,178,1263,9441.85132331056,157.59375,1487976.7569829735
VecAdd,OpenCL,100000000,675446659.0937227,615079830.0000008,4722752.0,,,,,OpenCL,RTX4060,143,82,96,894,369,178,1263,9441.85132331056,157.59375,1487976.7569829735
VecAdd,OpenMP,1000,46770.49447293012,23086.089188094753,46210.0383680907,,,,,OpenMP,RTX4060,37,45,53,219,121,98,340,2249.001346999171,51.36792452830189,115526.53145670271
VecAdd,OpenMP,10000,90274.9326637558,31170.30700260019,87681.13722765175,,,,,OpenMP,RTX4060,37,45,53,219,121,98,340,2249.001346999171,51.36792452830189,115526.53145670271
VecAdd,OpenMP,100000,438369.9642130898,106105.7489324105,409809.26255337946,,,,,OpenMP,RTX4060,37,45,53,219,121,98,340,2249.001346999171,51.36792452830189,115526.53145670271
VecAdd,OpenMP,1000000,6675451.107927271,3717847.886486488,3884982.502702703,,,,,OpenMP,RTX4060,37,45,53,219,121,98,340,2249.001346999171,51.36792452830189,115526.53145670271
VecAdd,OpenMP,10000000,72748184.10606761,36240294.31578946,45947890.631578945,,,,,OpenMP,RTX4060,37,45,53,219,121,98,340,2249.001346999171,51.36792452830189,115526.53145670271
VecAdd,OpenMP,100000000,680115046.4452803,363899893.0000001,397202258.0,,,,,OpenMP,RTX4060,37,45,53,219,121,98,340,2249.001346999171,51.36792452830189,115526.53145670271
VecAdd,Vulkan,1000,2225435.0988976196,2148041.1450617285,392350.89197530865,,,,,Vulkan,RTX4060,206,92,198,1394,769,290,2163,17693.143361702303,178.65656565656565,3160996.228670996
VecAdd,Vulkan,10000,2783584.3508158755,2267391.826366559,386689.7266881029,,,,,Vulkan,RTX4060,206,92,198,1394,769,290,2163,17693.143361702303,178.65656565656565,3160996.228670996
VecAdd,Vulkan,100000,5079874.130979885,4052362.47928994,777135.4615384615,,,,,Vulkan,RTX4060,206,92,198,1394,769,290,2163,17693.143361702303,178.65656565656565,3160996.228670996
VecAdd,Vulkan,1000000,21638602.19996423,16897239.63999999,576488.62,,,,,Vulkan,RTX4060,206,92,198,1394,769,290,2163,17693.143361702303,178.65656565656565,3160996.228670996
VecAdd,Vulkan,10000000,329073869.5068285,286991185.0000002,1497327.0,,,,,Vulkan,RTX4060,206,92,198,1394,769,290,2163,17693.143361702303,178.65656565656565,3160996.228670996
VecAdd,Vulkan,100000000,3013052448.8631635,2822312569.9999995,5488099.0,,,,,Vulkan,RTX4060,206,92,198,1394,769,290,2163,17693.143361702303,178.65656565656565,3160996.228670996
PolyhedralGravity,Slang-Vulkan,14744,1364099.0380237564,41592.480784563864,,,,,,Slang-Vulkan,RTX4060,922,183,509,5077,3201,692,8278,78099.85246837682,575.4253438113949,44940634.45823495
PolyhedralGravity,Slang-Vulkan,255932,15920284.394174814,203864.85600000003,,,,,,Slang-Vulkan,RTX4060,922,183,509,5077,3201,692,8278,78099.85246837682,575.4253438113949,44940634.45823495
PolyhedralGravity,AdaptiveCpp,14744,280187.16461492324,203841.83830773688,,,,,,AdaptiveCpp,RTX4060,607,88,281,3765,2270,369,6035,51463.32373157449,355.44483985765123,18292372.86231196
PolyhedralGravity,AdaptiveCpp,255932,2528989.1773324595,2159955.5379537963,,,,,,AdaptiveCpp,RTX4060,607,88,281,3765,2270,369,6035,51463.32373157449,355.44483985765123,18292372.86231196
PolyhedralGravity,CPP,14744,15361219.18923325,15333268.333333336,,,,,,CPP,RTX4060,541,79,239,3262,1955,318,5217,43368.31037771848,323.10669456066944,14012591.414825795
PolyhedralGravity,CPP,255932,285224813.9679432,285199333.50000006,,,,,,CPP,RTX4060,541,79,239,3262,1955,318,5217,43368.31037771848,323.10669456066944,14012591.414825795
PolyhedralGravity,Slang-Cuda,14744,175840.81843205748,175801.85737749794,,,,,,Slang-Cuda,RTX4060,807,100,344,4278,2730,444,7008,61631.26639138154,396.8023255813954,24455429.83262669
PolyhedralGravity,Slang-Cuda,255932,2428631.442027134,2428050.491228072,,,,,,Slang-Cuda,RTX4060,807,100,344,4278,2730,444,7008,61631.26639138154,396.8023255813954,24455429.83262669
PolyhedralGravity,Cuda,14744,455136.943781218,454932.11258278135,,,,,,Cuda,RTX4060,718,100,299,4218,2620,399,6838,59081.9948738884,438.12709030100336,25885422.50327552
PolyhedralGravity,Cuda,255932,5435405.977070332,5433037.928000005,,,,,,Cuda,RTX4060,718,100,299,4218,2620,399,6838,59081.9948738884,438.12709030100336,25885422.50327552
PolyhedralGravity,Vulkan,14744,1137022.4394613476,28592.381821078616,,,,,,Vulkan,RTX4060,1074,185,520,6021,3749,705,9770,92438.65419998574,666.8894230769231,61646360.76943569
PolyhedralGravity,Vulkan,14744,1137022.4394613476,28592.381821078616,,,,,,Vulkan,RTX4060,1074,185,520,6021,3749,705,9770,92438.65419998574,666.8894230769231,61646360.76943569
PolyhedralGravity,Vulkan,255932,16635958.28320831,213583.35299999977,,,,,,Vulkan,RTX4060,1074,185,520,6021,3749,705,9770,92438.65419998574,666.8894230769231,61646360.76943569
PolyhedralGravity,Vulkan,255932,16635958.28320831,213583.35299999977,,,,,,Vulkan,RTX4060,1074,185,520,6021,3749,705,9770,92438.65419998574,666.8894230769231,61646360.76943569
PolyhedralGravity,OpenMP,14744,45535065.25233388,465947.20000000007,,,,,,OpenMP,RTX4060,574,92,252,3442,2025,344,5467,46066.38941395637,369.64285714285717,17028111.801230304
PolyhedralGravity,OpenMP,255932,605291452.2588253,483901.00000000873,,,,,,OpenMP,RTX4060,574,92,252,3442,2025,344,5467,46066.38941395637,369.64285714285717,17028111.801230304
PolyhedralGravity,OpenACC,14744,363131.365011368,363047.63921360247,,,,,,OpenACC,RTX4060,570,86,252,3452,2022,338,5474,45986.414034208676,345.0238095238095,15866407.756421855
PolyhedralGravity,OpenACC,255932,4526959.254418488,4526043.123376626,,,,,,OpenACC,RTX4060,570,86,252,3452,2022,338,5474,45986.414034208676,345.0238095238095,15866407.756421855
PolyhedralGravity,OpenCL,14744,284199.55129831005,284137.30123131047,,,,,,OpenCL,RTX4060,764,96,352,4319,2748,448,7067,62241.57723418109,374.72727272727275,23323616.487208586
PolyhedralGravity,OpenCL,255932,4251727.669992868,4249993.509803917,,,,,,OpenCL,RTX4060,764,96,352,4319,2748,448,7067,62241.57723418109,374.72727272727275,23323616.487208586
VecAdd,AdaptiveCpp,1000,168095.73573085095,164172.68770301627,19334.593039443156,,,,,AdaptiveCpp,RTX5080,47,52,64,338,154,116,492,3374.126649602765,62.5625,211093.798515773
VecAdd,AdaptiveCpp,10000,180874.5197607807,178042.70046801883,30329.00260010401,,,,,AdaptiveCpp,RTX5080,47,52,64,338,154,116,492,3374.126649602765,62.5625,211093.798515773
VecAdd,AdaptiveCpp,100000,334783.7762841941,330617.82861257775,76467.06481036966,,,,,AdaptiveCpp,RTX5080,47,52,64,338,154,116,492,3374.126649602765,62.5625,211093.798515773
VecAdd,AdaptiveCpp,1000000,1837491.50769239,1804844.2256410264,323863.6307692308,,,,,AdaptiveCpp,RTX5080,47,52,64,338,154,116,492,3374.126649602765,62.5625,211093.798515773
VecAdd,AdaptiveCpp,10000000,33755987.1499991,33747494.65,2414206.4,,,,,AdaptiveCpp,RTX5080,47,52,64,338,154,116,492,3374.126649602765,62.5625,211093.798515773
VecAdd,AdaptiveCpp,100000000,326280939.4999522,326280248.5000007,18570128.0,,,,,AdaptiveCpp,RTX5080,47,52,64,338,154,116,492,3374.126649602765,62.5625,211093.798515773
VecAdd,OpenMP,1000,30924.81928550869,13971.013637668671,30264.260653787787,,,,,OpenMP,RTX5080,37,45,53,219,121,98,340,2249.001346999171,51.36792452830189,115526.53145670271
VecAdd,OpenMP,10000,62205.99966719638,24117.280072477173,59408.057094257296,,,,,OpenMP,RTX5080,37,45,53,219,121,98,340,2249.001346999171,51.36792452830189,115526.53145670271
VecAdd,OpenMP,100000,314484.6858770559,91324.96873343932,292746.31107578165,,,,,OpenMP,RTX5080,37,45,53,219,121,98,340,2249.001346999171,51.36792452830189,115526.53145670271
VecAdd,OpenMP,1000000,2956074.685212322,1005475.3396778916,2678027.8550512446,,,,,OpenMP,RTX5080,37,45,53,219,121,98,340,2249.001346999171,51.36792452830189,115526.53145670271
VecAdd,OpenMP,10000000,60027417.680003054,28214800.880000018,39757105.16,,,,,OpenMP,RTX5080,37,45,53,219,121,98,340,2249.001346999171,51.36792452830189,115526.53145670271
VecAdd,OpenMP,100000000,596771836.500011,278058750.99999964,395865480.0,,,,,OpenMP,RTX5080,37,45,53,219,121,98,340,2249.001346999171,51.36792452830189,115526.53145670271
VecAdd,CPP,1000,132.33362038758864,132.30877762462745,56.192435754399575,,,,,CPP,RTX5080,30,37,42,183,89,79,272,1714.628363504172,39.202380952380956,67217.51429784809
VecAdd,CPP,10000,1665.3468693386876,1665.2525781473469,880.2670157724907,,,,,CPP,RTX5080,30,37,42,183,89,79,272,1714.628363504172,39.202380952380956,67217.51429784809
VecAdd,CPP,100000,125378.24117648574,125342.18484848485,8553.008021390375,,,,,CPP,RTX5080,30,37,42,183,89,79,272,1714.628363504172,39.202380952380956,67217.51429784809
VecAdd,CPP,1000000,1601949.0230947789,1601799.0554272514,173133.60277136258,,,,,CPP,RTX5080,30,37,42,183,89,79,272,1714.628363504172,39.202380952380956,67217.51429784809
VecAdd,CPP,10000000,23941893.58620553,23934871.896551702,3662387.4827586208,,,,,CPP,RTX5080,30,37,42,183,89,79,272,1714.628363504172,39.202380952380956,67217.51429784809
VecAdd,CPP,100000000,237218900.33330813,237159575.33333337,37080455.666666664,,,,,CPP,RTX5080,30,37,42,183,89,79,272,1714.628363504172,39.202380952380956,67217.51429784809
VecAdd,OpenCL,1000,56441.549935773925,55461.17461464353,2836.894026974952,,,,,OpenCL,RTX5080,143,82,96,894,369,178,1263,9441.85132331056,157.59375,1487976.7569829735
VecAdd,OpenCL,10000,74206.48618038384,72204.8907938487,2943.1554447215294,,,,,OpenCL,RTX5080,143,82,96,894,369,178,1263,9441.85132331056,157.59375,1487976.7569829735
VecAdd,OpenCL,100000,209265.65507493512,205267.06333050615,3298.822731128075,,,,,OpenCL,RTX5080,143,82,96,894,369,178,1263,9441.85132331056,157.59375,1487976.7569829735
VecAdd,OpenCL,1000000,3231828.1873727576,3201112.3625254584,11347.682281059064,,,,,OpenCL,RTX5080,143,82,96,894,369,178,1263,9441.85132331056,157.59375,1487976.7569829735
VecAdd,OpenCL,10000000,49374554.78571045,49095462.571428604,111389.71428571428,,,,,OpenCL,RTX5080,143,82,96,894,369,178,1263,9441.85132331056,157.59375,1487976.7569829735
VecAdd,OpenCL,100000000,480435179.49997747,480268983.0000002,1355456.0,,,,,OpenCL,RTX5080,143,82,96,894,369,178,1263,9441.85132331056,157.59375,1487976.7569829735
VecAdd,Vulkan,1000,1811346.0299251103,1725516.1970074812,423200.15211970074,,,,,Vulkan,RTX5080,206,92,198,1394,769,290,2163,17693.143361702303,178.65656565656565,3160996.228670996
VecAdd,Vulkan,10000,1948709.1662199723,1841751.6353887403,429279.86058981234,,,,,Vulkan,RTX5080,206,92,198,1394,769,290,2163,17693.143361702303,178.65656565656565,3160996.228670996
VecAdd,Vulkan,100000,3587194.673469194,3213984.710204084,525034.4326530612,,,,,Vulkan,RTX5080,206,92,198,1394,769,290,2163,17693.143361702303,178.65656565656565,3160996.228670996
VecAdd,Vulkan,1000000,16815800.65116292,15646623.9767442,503127.8139534884,,,,,Vulkan,RTX5080,206,92,198,1394,769,290,2163,17693.143361702303,178.65656565656565,3160996.228670996
VecAdd,Vulkan,10000000,225988063.9999968,214751960.0000001,812228.3333333334,,,,,Vulkan,RTX5080,206,92,198,1394,769,290,2163,17693.143361702303,178.65656565656565,3160996.228670996
VecAdd,Vulkan,100000000,2172910656.999989,2070498533.9999995,2170686.0,,,,,Vulkan,RTX5080,206,92,198,1394,769,290,2163,17693.143361702303,178.65656565656565,3160996.228670996
VecAdd,Alpaka,1000,58092.11831704268,57066.42209944751,5502.603059923502,,,,,Alpaka,RTX5080,83,44,96,487,295,140,782,5575.099319250964,67.60416666666666,376899.943561862
VecAdd,Alpaka,10000,68937.47404410243,67712.39323894827,5562.785322161225,,,,,Alpaka,RTX5080,83,44,96,487,295,140,782,5575.099319250964,67.60416666666666,376899.943561862
VecAdd,Alpaka,100000,177437.75749806597,174418.55088438856,8696.570622917201,,,,,Alpaka,RTX5080,83,44,96,487,295,140,782,5575.099319250964,67.60416666666666,376899.943561862
VecAdd,Alpaka,1000000,1053650.0044051593,1034340.3568281936,13871.663729809105,,,,,Alpaka,RTX5080,83,44,96,487,295,140,782,5575.099319250964,67.60416666666666,376899.943561862
VecAdd,Alpaka,10000000,18330306.44736841,18034713.57894736,117230.47368421052,,,,,Alpaka,RTX5080,83,44,96,487,295,140,782,5575.099319250964,67.60416666666666,376899.943561862
VecAdd,Alpaka,100000000,182690501.24999353,181642566.24999985,1404924.75,,,,,Alpaka,RTX5080,83,44,96,487,295,140,782,5575.099319250964,67.60416666666666,376899.943561862
MatrixMultiplication,AdaptiveCpp,32,89727.2264866472,54111.44045813106,26907.461165048546,,,,Naive,AdaptiveCpp[Naive],RTX5080,67,61,85,474,241,146,715,5140.724559599213,86.4764705882353,444551.71618040017
MatrixMultiplication,AdaptiveCpp,64,174913.0275217271,87294.25717671844,46809.944693178826,,,,Naive,AdaptiveCpp[Naive],RTX5080,67,61,85,474,241,146,715,5140.724559599213,86.4764705882353,444551.71618040017
MatrixMultiplication,AdaptiveCpp,128,117754.9175073283,116581.22258379436,74574.41718190693,,,,Naive,AdaptiveCpp[Naive],RTX5080,67,61,85,474,241,146,715,5140.724559599213,86.4764705882353,444551.71618040017
MatrixMultiplication,AdaptiveCpp,256,232329.35025039897,231154.45475793007,132374.04207011685,,,,Naive,AdaptiveCpp[Naive],RTX5080,67,61,85,474,241,146,715,5140.724559599213,86.4764705882353,444551.71618040017
MatrixMultiplication,AdaptiveCpp,512,1199916.8138748535,1193549.2944162437,840139.3705583756,,,,Naive,AdaptiveCpp[Naive],RTX5080,67,61,85,474,241,146,715,5140.724559599213,86.4764705882353,444551.71618040017
MatrixMultiplication,AdaptiveCpp,1024,6530626.476190567,6520192.704761901,5247377.980952381,,,,Naive,AdaptiveCpp[Naive],RTX5080,67,61,85,474,241,146,715,5140.724559599213,86.4764705882353,444551.71618040017
MatrixMultiplication,AdaptiveCpp,2048,43501195.12500328,43490619.437499985,37784690.0,,,,Naive,AdaptiveCpp[Naive],RTX5080,67,61,85,474,241,146,715,5140.724559599213,86.4764705882353,444551.71618040017
MatrixMultiplication,AdaptiveCpp,4096,333129009.49999857,332802688.5000002,298005968.0,,,,Naive,AdaptiveCpp[Naive],RTX5080,67,61,85,474,241,146,715,5140.724559599213,86.4764705882353,444551.71618040017
MatrixMultiplication,AdaptiveCpp,8192,2505486428.00004,2505142952.000002,2368857344.0,,,,Naive,AdaptiveCpp[Naive],RTX5080,67,61,85,474,241,146,715,5140.724559599213,86.4764705882353,444551.71618040017
MatrixMultiplication,AdaptiveCpp,32,77647.01508981787,41171.351437125726,14740.363113772455,,,,SharedMemory,AdaptiveCpp[SharedMemory],RTX5080,94,65,102,618,326,167,944,6970.216852095505,103.87254901960785,724014.191646587
MatrixMultiplication,AdaptiveCpp,64,149343.6071743332,60331.609465890935,20811.442270403662,,,,SharedMemory,AdaptiveCpp[SharedMemory],RTX5080,94,65,102,618,326,167,944,6970.216852095505,103.87254901960785,724014.191646587
MatrixMultiplication,AdaptiveCpp,128,71859.57627469297,71588.38494156607,29887.92057089668,,,,SharedMemory,AdaptiveCpp[SharedMemory],RTX5080,94,65,102,618,326,167,944,6970.216852095505,103.87254901960785,724014.191646587
MatrixMultiplication,AdaptiveCpp,256,152456.70938865692,151386.28100436702,52707.08820960698,,,,SharedMemory,AdaptiveCpp[SharedMemory],RTX5080,94,65,102,618,326,167,944,6970.216852095505,103.87254901960785,724014.191646587
MatrixMultiplication,AdaptiveCpp,512,487223.7515290574,483737.08103975654,130946.250764526,,,,SharedMemory,AdaptiveCpp[SharedMemory],RTX5080,94,65,102,618,326,167,944,6970.216852095505,103.87254901960785,724014.191646587
MatrixMultiplication,AdaptiveCpp,1024,2101072.1114458395,2089147.114457836,856702.5542168674,,,,SharedMemory,AdaptiveCpp[SharedMemory],RTX5080,94,65,102,618,326,167,944,6970.216852095505,103.87254901960785,724014.191646587
MatrixMultiplication,AdaptiveCpp,2048,11199665.90163988,11147479.85245902,5686052.196721312,,,,SharedMemory,AdaptiveCpp[SharedMemory],RTX5080,94,65,102,618,326,167,944,6970.216852095505,103.87254901960785,724014.191646587
MatrixMultiplication,AdaptiveCpp,4096,75769794.00000204,75754142.55555539,41792657.777777776,,,,SharedMemory,AdaptiveCpp[SharedMemory],RTX5080,94,65,102,618,326,167,944,6970.216852095505,103.87254901960785,724014.191646587
MatrixMultiplication,AdaptiveCpp,8192,466651721.99999464,466541919.0000008,328114400.0,,,,SharedMemory,AdaptiveCpp[SharedMemory],RTX5080,94,65,102,618,326,167,944,6970.216852095505,103.87254901960785,724014.191646587
MatrixMultiplication,OpenMP,32,49042.03015670783,20809.044583345676,48329.527327665375,,,,,OpenMP,RTX5080,52,47,71,333,192,118,525,3613.3876009149667,63.54929577464789,229628.23739899058
MatrixMultiplication,OpenMP,64,56691.37320804832,28084.49078424285,55075.32518170502,,,,,OpenMP,RTX5080,52,47,71,333,192,118,525,3613.3876009149667,63.54929577464789,229628.23739899058
MatrixMultiplication,OpenMP,128,90430.65249767716,36820.000930809816,86893.04643706692,,,,,OpenMP,RTX5080,52,47,71,333,192,118,525,3613.3876009149667,63.54929577464789,229628.23739899058
MatrixMultiplication,OpenMP,256,169710.17958310858,74793.15734901119,155334.77947621592,,,,,OpenMP,RTX5080,52,47,71,333,192,118,525,3613.3876009149667,63.54929577464789,229628.23739899058
MatrixMultiplication,OpenMP,512,587091.7866227456,332363.4983513897,520031.8940178992,,,,,OpenMP,RTX5080,52,47,71,333,192,118,525,3613.3876009149667,63.54929577464789,229628.23739899058
MatrixMultiplication,OpenMP,1024,3944802.0038024406,2650231.980988593,2262620.422053232,,,,,OpenMP,RTX5080,52,47,71,333,192,118,525,3613.3876009149667,63.54929577464789,229628.23739899058
MatrixMultiplication,OpenMP,2048,20640285.05454561,12698815.21818183,12522294.2,,,,,OpenMP,RTX5080,52,47,71,333,192,118,525,3613.3876009149667,63.54929577464789,229628.23739899058
MatrixMultiplication,OpenMP,4096,115034310.92307892,52394432.7692308,80263731.3076923,,,,,OpenMP,RTX5080,52,47,71,333,192,118,525,3613.3876009149667,63.54929577464789,229628.23739899058
MatrixMultiplication,OpenMP,8192,899682469.0000267,210634634.33333376,758155194.0,,,,,OpenMP,RTX5080,52,47,71,333,192,118,525,3613.3876009149667,63.54929577464789,229628.23739899058
MatrixMultiplication,CPP,32,2583.1099701704425,2582.262810632187,2502.6275444763564,,,,,CPP,RTX5080,48,45,59,292,160,104,452,3028.5987525997734,61.01694915254237,184795.8560908336
MatrixMultiplication,CPP,64,16309.863180567232,16307.320974502678,16095.26453764387,,,,,CPP,RTX5080,48,45,59,292,160,104,452,3028.5987525997734,61.01694915254237,184795.8560908336
MatrixMultiplication,CPP,128,127376.25044818292,127371.55683040514,125973.63427751882,,,,,CPP,RTX5080,48,45,59,292,160,104,452,3028.5987525997734,61.01694915254237,184795.8560908336
MatrixMultiplication,CPP,256,1190761.3073003362,1190337.2563667228,1120883.2275042443,,,,,CPP,RTX5080,48,45,59,292,160,104,452,3028.5987525997734,61.01694915254237,184795.8560908336
MatrixMultiplication,CPP,512,9383294.453332383,9381416.573333332,9034646.56,,,,,CPP,RTX5080,48,45,59,292,160,104,452,3028.5987525997734,61.01694915254237,184795.8560908336
MatrixMultiplication,CPP,1024,75587030.66667426,75571548.77777773,73953779.33333333,,,,,CPP,RTX5080,48,45,59,292,160,104,452,3028.5987525997734,61.01694915254237,184795.8560908336
MatrixMultiplication,CPP,2048,607026987.0000402,606989496.0000006,598263912.0,,,,,CPP,RTX5080,48,45,59,292,160,104,452,3028.5987525997734,61.01694915254237,184795.8560908336
MatrixMultiplication,CPP,4096,4905120957.999998,4904372383.0,4868621004.0,,,,,CPP,RTX5080,48,45,59,292,160,104,452,3028.5987525997734,61.01694915254237,184795.8560908336
MatrixMultiplication,CPP,8192,43917321242.00007,43909440465.0,43775695077.0,,,,,CPP,RTX5080,48,45,59,292,160,104,452,3028.5987525997734,61.01694915254237,184795.8560908336
MatrixMultiplication,OpenCL,32,55907.10857051171,55041.65486088903,4937.5631595778705,,,,,OpenCL,RTX5080,195,89,112,1157,501,201,1658,12685.443703974664,199.05803571428572,2525139.5058773495
MatrixMultiplication,OpenCL,64,63897.703462081736,62991.47912317327,6214.054279749478,,,,,OpenCL,RTX5080,195,89,112,1157,501,201,1658,12685.443703974664,199.05803571428572,2525139.5058773495
MatrixMultiplication,OpenCL,128,84523.91049633137,82125.50261536674,8996.828083226781,,,,,OpenCL,RTX5080,195,89,112,1157,501,201,1658,12685.443703974664,199.05803571428572,2525139.5058773495
MatrixMultiplication,OpenCL,256,136414.04464459457,134578.9577051107,14246.967691403956,,,,,OpenCL,RTX5080,195,89,112,1157,501,201,1658,12685.443703974664,199.05803571428572,2525139.5058773495
MatrixMultiplication,OpenCL,512,552071.546067378,540706.9460674155,97535.13707865168,,,,,OpenCL,RTX5080,195,89,112,1157,501,201,1658,12685.443703974664,199.05803571428572,2525139.5058773495
MatrixMultiplication,OpenCL,1024,3965805.58192056,3921209.378531069,609637.0621468927,,,,,OpenCL,RTX5080,195,89,112,1157,501,201,1658,12685.443703974664,199.05803571428572,2525139.5058773495
MatrixMultiplication,OpenCL,2048,19064300.41666833,19041592.694444474,4569956.444444444,,,,,OpenCL,RTX5080,195,89,112,1157,501,201,1658,12685.443703974664,199.05803571428572,2525139.5058773495
MatrixMultiplication,OpenCL,4096,104942477.42855936,104934521.1428572,38511396.571428575,,,,,OpenCL,RTX5080,195,89,112,1157,501,201,1658,12685.443703974664,199.05803571428572,2525139.5058773495
MatrixMultiplication,OpenCL,8192,635044954.0000226,634843049.0000006,366378720.0,,,,,OpenCL,RTX5080,195,89,112,1157,501,201,1658,12685.443703974664,199.05803571428572,2525139.5058773495
MatrixMultiplication,Vulkan,32,1891660.568238082,1782280.022332506,435270.5434243176,,,,,Vulkan,RTX5080,266,93,225,1749,978,318,2727,22669.231819060435,202.12,4581905.135268495
MatrixMultiplication,Vulkan,64,1895079.3713527152,1798284.4482758625,434671.7029177719,,,,,Vulkan,RTX5080,266,93,225,1749,978,318,2727,22669.231819060435,202.12,4581905.135268495
MatrixMultiplication,Vulkan,128,1968211.11202195,1863015.5081967225,435450.5300546448,,,,,Vulkan,RTX5080,266,93,225,1749,978,318,2727,22669.231819060435,202.12,4581905.135268495
MatrixMultiplication,Vulkan,256,2786100.261363517,2633589.2272727275,449010.76515151514,,,,,Vulkan,RTX5080,266,93,225,1749,978,318,2727,22669.231819060435,202.12,4581905.135268495
MatrixMultiplication,Vulkan,512,5971947.247999196,5531195.272000005,556894.8,,,,,Vulkan,RTX5080,266,93,225,1749,978,318,2727,22669.231819060435,202.12,4581905.135268495
MatrixMultiplication,Vulkan,1024,17652010.568181966,15693993.204545457,1275798.568181818,,,,,Vulkan,RTX5080,266,93,225,1749,978,318,2727,22669.231819060435,202.12,4581905.135268495
MatrixMultiplication,Vulkan,2048,73116871.29999882,64083186.6000001,5326515.3,,,,,Vulkan,RTX5080,266,93,225,1749,978,318,2727,22669.231819060435,202.12,4581905.135268495
MatrixMultiplication,Vulkan,4096,401811182.5000687,347138686.9999993,39370039.0,,,,,Vulkan,RTX5080,266,93,225,1749,978,318,2727,22669.231819060435,202.12,4581905.135268495
MatrixMultiplication,Vulkan,8192,1794539983.0000496,1385728986.9999986,349451195.0,,,,,Vulkan,RTX5080,266,93,225,1749,978,318,2727,22669.231819060435,202.12,4581905.135268495
MatrixMultiplication,Boost,32,75360.38068789344,74333.27034821617,4813.65520187994,,,,,Boost,RTX5080,106,57,97,618,356,154,974,7077.850090636834,104.59793814432989,740328.5259752712
MatrixMultiplication,Boost,64,86633.44600314519,84180.21731769259,6238.111500786068,,,,,Boost,RTX5080,106,57,97,618,356,154,974,7077.850090636834,104.59793814432989,740328.5259752712
MatrixMultiplication,Boost,128,101459.4728735943,100143.55515471072,8982.014152906897,,,,,Boost,RTX5080,106,57,97,618,356,154,974,7077.850090636834,104.59793814432989,740328.5259752712
MatrixMultiplication,Boost,256,150910.6536289524,149037.7969044133,15318.549257477514,,,,,Boost,RTX5080,106,57,97,618,356,154,974,7077.850090636834,104.59793814432989,740328.5259752712
MatrixMultiplication,Boost,512,503645.461090855,498127.2378181814,97486.45236363636,,,,,Boost,RTX5080,106,57,97,618,356,154,974,7077.850090636834,104.59793814432989,740328.5259752712
MatrixMultiplication,Boost,1024,1806566.2338309735,1777784.134328359,608963.2636815921,,,,,Boost,RTX5080,106,57,97,618,356,154,974,7077.850090636834,104.59793814432989,740328.5259752712
MatrixMultiplication,Boost,2048,8843012.624999523,8805822.680555558,4570708.0,,,,,Boost,RTX5080,106,57,97,618,356,154,974,7077.850090636834,104.59793814432989,740328.5259752712
MatrixMultiplication,Boost,4096,68796536.3999865,68779958.30000004,38794038.4,,,,,Boost,RTX5080,106,57,97,618,356,154,974,7077.850090636834,104.59793814432989,740328.5259752712
MatrixMultiplication,Boost,8192,487781156.49997747,487697217.0000009,366425584.0,,,,,Boost,RTX5080,106,57,97,618,356,154,974,7077.850090636834,104.59793814432989,740328.5259752712
MatrixMultiplication,Alpaka,32,71684.19779464134,69700.75898395196,18644.764497390963,,,,,Alpaka,RTX5080,109,48,116,635,405,164,1040,7651.854084802807,83.79310344827586,641172.6008989938
MatrixMultiplication,Alpaka,64,85227.65299571671,83937.95304327153,30251.91488349976,,,,,Alpaka,RTX5080,109,48,116,635,405,164,1040,7651.854084802807,83.79310344827586,641172.6008989938
MatrixMultiplication,Alpaka,128,130688.25406806782,129157.74630177522,53835.307322485205,,,,,Alpaka,RTX5080,109,48,116,635,405,164,1040,7651.854084802807,83.79310344827586,641172.6008989938
MatrixMultiplication,Alpaka,256,219758.99601841584,215411.94548238892,101993.0830015314,,,,,Alpaka,RTX5080,109,48,116,635,405,164,1040,7651.854084802807,83.79310344827586,641172.6008989938
MatrixMultiplication,Alpaka,512,1171979.0103093162,1159132.2749140903,775215.7886597938,,,,,Alpaka,RTX5080,109,48,116,635,405,164,1040,7651.854084802807,83.79310344827586,641172.6008989938
MatrixMultiplication,Alpaka,1024,6343004.035715336,6260009.526785714,5134787.25,,,,,Alpaka,RTX5080,109,48,116,635,405,164,1040,7651.854084802807,83.79310344827586,641172.6008989938
MatrixMultiplication,Alpaka,2048,43215720.062505625,43207497.25000001,38854305.0625,,,,,Alpaka,RTX5080,109,48,116,635,405,164,1040,7651.854084802807,83.79310344827586,641172.6008989938
MatrixMultiplication,Alpaka,4096,355673261.49998736,355598681.0,324953032.5,,,,,Alpaka,RTX5080,109,48,116,635,405,164,1040,7651.854084802807,83.79310344827586,641172.6008989938
MatrixMultiplication,Alpaka,8192,2596604442.999933,2596234191.0000005,2474327767.0,,,,,Alpaka,RTX5080,109,48,116,635,405,164,1040,7651.854084802807,83.79310344827586,641172.6008989938
NBody,AdaptiveCpp,10,24271821.86207135,24265409.827586204,,2697059.3103448274,2479398.620689655,4371948.137931035,,AdaptiveCpp,RTX5080,201,69,139,1331,749,208,2080,16016.91461373347,185.90287769784175,2977590.5185336675
NBody,AdaptiveCpp,100,35172734.59999615,35172610.34999999,,2737627.2,2512899.2,14724016.0,,AdaptiveCpp,RTX5080,201,69,139,1331,749,208,2080,16016.91461373347,185.90287769784175,2977590.5185336675
NBody,AdaptiveCpp,1000,139808692.19999474,139800618.20000005,,2816710.4,2511123.2,119198060.8,,AdaptiveCpp,RTX5080,201,69,139,1331,749,208,2080,16016.91461373347,185.90287769784175,2977590.5185336675
NBody,AdaptiveCpp,10000,1202381178.9999857,1202214641.0000002,,3746912.0,2560992.0,1176044576.0,,AdaptiveCpp,RTX5080,201,69,139,1331,749,208,2080,16016.91461373347,185.90287769784175,2977590.5185336675
NBody,OpenMP,10,60646289.77777728,19633327.861111112,,26146325.694444444,7455565.861111111,26957397.777777776,,OpenMP,RTX5080,204,67,120,1266,728,187,1994,15048.507553015947,203.23333333333332,3058358.351691274
NBody,OpenMP,100,342734789.799988,20005971.4,,30453245.8,9118748.6,303069766.1,,OpenMP,RTX5080,204,67,120,1266,728,187,1994,15048.507553015947,203.23333333333332,3058358.351691274
NBody,OpenMP,1000,2993392981.9999323,39352292.00000001,,37472171.0,25746281.0,2929936728.0,,OpenMP,RTX5080,204,67,120,1266,728,187,1994,15048.507553015947,203.23333333333332,3058358.351691274
NBody,OpenMP,10000,30458953797.999813,108880189.99999982,,121173581.0,115879749.0,30220710310.0,,OpenMP,RTX5080,204,67,120,1266,728,187,1994,15048.507553015947,203.23333333333332,3058358.351691274
NBody,CPP,10,615072.3614774268,615055.0659630607,,409129.88478452066,16729.613896218118,154785.63060686016,,CPP,RTX5080,107,53,100,674,366,153,1040,7547.683356400358,96.99000000000001,732049.8087372708
NBody,CPP,100,14877432.869564906,14874153.130434783,,214165.60869565216,81322.17391304347,14547295.97826087,,CPP,RTX5080,107,53,100,674,366,153,1040,7547.683356400358,96.99000000000001,732049.8087372708
NBody,CPP,1000,1470033987.000079,1469882743.0,,1154513.0,881342.0,1467924847.0,,CPP,RTX5080,107,53,100,674,366,153,1040,7547.683356400358,96.99000000000001,732049.8087372708
NBody,CPP,10000,145866689399.00006,145845925559.99997,,11172904.0,8915297.0,145846158093.0,,CPP,RTX5080,107,53,100,674,366,153,1040,7547.683356400358,96.99000000000001,732049.8087372708
NBody,OpenCL,10,18174804.31578875,18145740.0,,1.849326545088471e+19,385.6842105263158,1.8446650248717043e+22,,OpenCL,RTX5080,341,95,175,2060,925,270,2985,24109.294557196732,251.07142857142856,6053155.026324751
NBody,OpenCL,100,24608578.20689602,24593667.482758615,,1.8446744073474064e+19,96000.0,1.844665024871705e+22,,OpenCL,RTX5080,341,95,175,2060,925,270,2985,24109.294557196732,251.07142857142856,6053155.026324751
NBody,OpenCL,1000,132616848.7999894,132587629.0,,1.8446744073474056e+19,992000.0,1.844665024871704e+22,,OpenCL,RTX5080,341,95,175,2060,925,270,2985,24109.294557196732,251.07142857142856,6053155.026324751
NBody,OpenCL,10000,1243036890.9999745,1242852043.0,,1.8446744073484284e+19,9984000.0,1.8446650248717043e+22,,OpenCL,RTX5080,341,95,175,2060,925,270,2985,24109.294557196732,251.07142857142856,6053155.026324751
NBody,Vulkan,10,1825023423.9999373,1728355733.0,,439057162.0,437444026.0,436876927.0,,Vulkan,RTX5080,365,93,256,2336,1354,349,3690,31169.73710471362,245.94140625,7665928.97597607
NBody,Vulkan,100,1776611367.9999762,1676620234.0,,437030041.0,429165149.0,450411444.0,,Vulkan,RTX5080,365,93,256,2336,1354,349,3690,31169.73710471362,245.94140625,7665928.97597607
NBody,Vulkan,1000,1879878853.0000365,1676440246.0000002,,435261440.0,428729335.0,556322146.0,,Vulkan,RTX5080,365,93,256,2336,1354,349,3690,31169.73710471362,245.94140625,7665928.97597607
NBody,Vulkan,10000,2896616163.9998517,1675916007.9999998,,428684910.0,423364415.0,1573876697.0,,Vulkan,RTX5080,365,93,256,2336,1354,349,3690,31169.73710471362,245.94140625,7665928.97597607
NBody,Boost,10,33454105.476190913,33446650.238095243,,2396810.6666666665,2511225.904761905,4685840.761904762,,Boost,RTX5080,243,65,156,1434,861,221,2295,17873.236373803335,179.375,3206011.774550973
NBody,Boost,100,44409934.81249222,44399118.312499985,,2413140.0,2519234.0,14922972.0,,Boost,RTX5080,243,65,156,1434,861,221,2295,17873.236373803335,179.375,3206011.774550973
NBody,Boost,1000,151602140.80001423,151569215.79999992,,2431123.2,2556633.6,122495846.4,,Boost,RTX5080,243,65,156,1434,861,221,2295,17873.236373803335,179.375,3206011.774550973
NBody,Boost,10000,1266735505.0000424,1266539794.0000007,,2618528.0,2671680.0,1232894976.0,,Boost,RTX5080,243,65,156,1434,861,221,2295,17873.236373803335,179.375,3206011.774550973
NBody,Alpaka,10,20158100.65714244,20050194.68571428,,5432753.114285714,5212630.257142857,6630790.085714285,,Alpaka,RTX5080,246,55,164,1558,969,219,2527,19646.886899612167,162.48475609756096,3192319.6259598485
NBody,Alpaka,100,31743305.818188425,31630129.818181828,,5651135.681818182,5353147.863636363,17847134.681818184,,Alpaka,RTX5080,246,55,164,1558,969,219,2527,19646.886899612167,162.48475609756096,3192319.6259598485
NBody,Alpaka,1000,414089958.5000852,413994824.5,,6507204.0,8831102.5,395802065.5,,Alpaka,RTX5080,246,55,164,1558,969,219,2527,19646.886899612167,162.48475609756096,3192319.6259598485
NBody,Alpaka,10000,7751176637.000072,7749993290.000001,,7891748.0,7040903.0,7732930372.0,,Alpaka,RTX5080,246,55,164,1558,969,219,2527,19646.886899612167,162.48475609756096,3192319.6259598485
VecAdd,Kokkos,1000,50594.43135246138,50584.18259660422,13827.829844847774,,,,,Kokkos,RTX5080,45,43,53,299,157,96,456,3002.742900328847,63.68867924528302,191240.72943509478
VecAdd,Kokkos,10000,66123.71570768117,66106.82661863684,14538.92103516921,,,,,Kokkos,RTX5080,45,43,53,299,157,96,456,3002.742900328847,63.68867924528302,191240.72943509478
VecAdd,Kokkos,100000,268476.822807076,264491.95543859655,51002.89228070175,,,,,Kokkos,RTX5080,45,43,53,299,157,96,456,3002.742900328847,63.68867924528302,191240.72943509478
VecAdd,Kokkos,1000000,1806631.4891043596,1792116.1283292973,60987.53510895884,,,,,Kokkos,RTX5080,45,43,53,299,157,96,456,3002.742900328847,63.68867924528302,191240.72943509478
VecAdd,Kokkos,10000000,52572534.46153789,52071870.07692309,234736.7692307692,,,,,Kokkos,RTX5080,45,43,53,299,157,96,456,3002.742900328847,63.68867924528302,191240.72943509478
VecAdd,Kokkos,100000000,511340832.9998492,511323801.00000054,2056741.0,,,,,Kokkos,RTX5080,45,43,53,299,157,96,456,3002.742900328847,63.68867924528302,191240.72943509478
VecAdd,OpenACC,1000,14510.339322181564,14509.171203468251,14098.457001125516,,,,,OpenACC,RTX5080,41,52,52,246,123,104,369,2472.462255994063,61.5,152056.42874363487
VecAdd,OpenACC,10000,27925.531625006293,27923.50962500001,24488.656291666663,,,,,OpenACC,RTX5080,41,52,52,246,123,104,369,2472.462255994063,61.5,152056.42874363487
VecAdd,OpenACC,100000,125922.33123616244,125922.74185788304,105008.96798667654,,,,,OpenACC,RTX5080,41,52,52,246,123,104,369,2472.462255994063,61.5,152056.42874363487
VecAdd,OpenACC,1000000,1014426.1053390682,1014378.0937950944,719857.3073593073,,,,,OpenACC,RTX5080,41,52,52,246,123,104,369,2472.462255994063,61.5,152056.42874363487
VecAdd,OpenACC,10000000,28025983.280003857,28025841.320000034,7813203.92,,,,,OpenACC,RTX5080,41,52,52,246,123,104,369,2472.462255994063,61.5,152056.42874363487
VecAdd,OpenACC,100000000,276901492.99996847,276856600.00000006,77641255.66666667,,,,,OpenACC,RTX5080,41,52,52,246,123,104,369,2472.462255994063,61.5,152056.42874363487
VecAdd,Cuda,1000,110896.81774363616,107210.54842596776,3606.533521246533,,,,,Cuda,RTX5080,76,61,48,399,172,109,571,3864.6332494476246,109.29166666666667,422372.2088875467
VecAdd,Cuda,10000,117417.82151877934,115150.47028119216,2888.9065548479007,,,,,Cuda,RTX5080,76,61,48,399,172,109,571,3864.6332494476246,109.29166666666667,422372.2088875467
VecAdd,Cuda,100000,209416.65968893215,205738.82177033488,8385.377985291054,,,,,Cuda,RTX5080,76,61,48,399,172,109,571,3864.6332494476246,109.29166666666667,422372.2088875467
VecAdd,Cuda,1000000,1039989.654231878,1019100.6054519372,9592.057401488082,,,,,Cuda,RTX5080,76,61,48,399,172,109,571,3864.6332494476246,109.29166666666667,422372.2088875467
VecAdd,Cuda,10000000,28222485.15998581,28143447.120000005,77784.31922197342,,,,,Cuda,RTX5080,76,61,48,399,172,109,571,3864.6332494476246,109.29166666666667,422372.2088875467
VecAdd,Cuda,100000000,279455402.0000154,278090930.0,1392970.6414540608,,,,,Cuda,RTX5080,76,61,48,399,172,109,571,3864.6332494476246,109.29166666666667,422372.2088875467
VecAdd,Cublas,1000,19427.334871220868,19424.02537520014,3346.792537064302,,,,,Cublas,RTX5080,66,48,47,368,159,95,527,3462.3139055904094,81.19148936170212,281110.42263261706
VecAdd,Cublas,10000,31795.22384184263,31795.042363230517,2269.086150934807,,,,,Cublas,RTX5080,66,48,47,368,159,95,527,3462.3139055904094,81.19148936170212,281110.42263261706
VecAdd,Cublas,100000,144473.96682264676,144467.41644616312,9846.555669008154,,,,,Cublas,RTX5080,66,48,47,368,159,95,527,3462.3139055904094,81.19148936170212,281110.42263261706
VecAdd,Cublas,1000000,1181665.1340878194,1161282.327948305,18765.802920219732,,,,,Cublas,RTX5080,66,48,47,368,159,95,527,3462.3139055904094,81.19148936170212,281110.42263261706
VecAdd,Cublas,10000000,28290993.5600037,28279936.20000001,78970.87961435318,,,,,Cublas,RTX5080,66,48,47,368,159,95,527,3462.3139055904094,81.19148936170212,281110.42263261706
VecAdd,Cublas,100000000,277702312.33337957,277655539.33333343,1379487.9913330078,,,,,Cublas,RTX5080,66,48,47,368,159,95,527,3462.3139055904094,81.19148936170212,281110.42263261706
MatrixMultiplication,Kokkos,32,43935.73435996347,43926.582739813915,6687.199743342958,,,,,Kokkos,RTX5080,64,50,74,448,254,124,702,4881.845809891586,85.8108108108108,418915.14720015635
MatrixMultiplication,Kokkos,64,55469.79375275994,55466.337247083145,8625.472012996603,,,,,Kokkos,RTX5080,64,50,74,448,254,124,702,4881.845809891586,85.8108108108108,418915.14720015635
MatrixMultiplication,Kokkos,128,72373.46988467108,72366.65474156344,11390.48024348569,,,,,Kokkos,RTX5080,64,50,74,448,254,124,702,4881.845809891586,85.8108108108108,418915.14720015635
MatrixMultiplication,Kokkos,256,118784.16890756835,118756.10336134452,17570.82369747899,,,,,Kokkos,RTX5080,64,50,74,448,254,124,702,4881.845809891586,85.8108108108108,418915.14720015635
MatrixMultiplication,Kokkos,512,567813.7558501555,560038.260530421,100120.4976599064,,,,,Kokkos,RTX5080,64,50,74,448,254,124,702,4881.845809891586,85.8108108108108,418915.14720015635
MatrixMultiplication,Kokkos,1024,3322379.331754673,3292905.431279619,623954.1753554503,,,,,Kokkos,RTX5080,64,50,74,448,254,124,702,4881.845809891586,85.8108108108108,418915.14720015635
MatrixMultiplication,Kokkos,2048,16598190.880954243,16443302.023809535,4680096.380952381,,,,,Kokkos,RTX5080,64,50,74,448,254,124,702,4881.845809891586,85.8108108108108,418915.14720015635
MatrixMultiplication,Kokkos,4096,92647252.37500216,92579694.99999996,44912056.125,,,,,Kokkos,RTX5080,64,50,74,448,254,124,702,4881.845809891586,85.8108108108108,418915.14720015635
MatrixMultiplication,Kokkos,8192,687766342.0000317,687742135.0000006,495496531.0,,,,,Kokkos,RTX5080,64,50,74,448,254,124,702,4881.845809891586,85.8108108108108,418915.14720015635
MatrixMultiplication,OpenACC,32,21598.305616393536,21594.423433982058,21183.16842981834,,,,,OpenACC,RTX5080,56,55,67,340,195,122,535,3707.9444755961445,80.03731343283583,296773.9141848407
MatrixMultiplication,OpenACC,64,27783.850715505738,27778.817180005553,26373.22277718318,,,,,OpenACC,RTX5080,56,55,67,340,195,122,535,3707.9444755961445,80.03731343283583,296773.9141848407
MatrixMultiplication,OpenACC,128,51365.751416581785,51365.22179704173,45645.1219368607,,,,,OpenACC,RTX5080,56,55,67,340,195,122,535,3707.9444755961445,80.03731343283583,296773.9141848407
MatrixMultiplication,OpenACC,256,102134.29730893072,102100.77555110215,88068.69667907243,,,,,OpenACC,RTX5080,56,55,67,340,195,122,535,3707.9444755961445,80.03731343283583,296773.9141848407
MatrixMultiplication,OpenACC,512,464561.13319927215,464484.6017402945,399739.5863453815,,,,,OpenACC,RTX5080,56,55,67,340,195,122,535,3707.9444755961445,80.03731343283583,296773.9141848407
MatrixMultiplication,OpenACC,1024,3510383.2562810164,3510255.4522613077,1836575.2663316585,,,,,OpenACC,RTX5080,56,55,67,340,195,122,535,3707.9444755961445,80.03731343283583,296773.9141848407
MatrixMultiplication,OpenACC,2048,19786629.22222914,19783006.999999993,11897587.055555556,,,,,OpenACC,RTX5080,56,55,67,340,195,122,535,3707.9444755961445,80.03731343283583,296773.9141848407
MatrixMultiplication,OpenACC,4096,109532993.00005408,109497779.33333316,75576325.5,,,,,OpenACC,RTX5080,56,55,67,340,195,122,535,3707.9444755961445,80.03731343283583,296773.9141848407
MatrixMultiplication,OpenACC,8192,687216915.0001355,687078230.000001,550739133.0,,,,,OpenACC,RTX5080,56,55,67,340,195,122,535,3707.9444755961445,80.03731343283583,296773.9141848407
MatrixMultiplication,Cublas,32,25713.749726070073,25712.32588209511,8827.849526357797,,,,,Cublas,RTX5080,66,47,55,374,180,102,554,3696.5236394522085,76.90909090909092,284296.2726342335
MatrixMultiplication,Cublas,64,29378.4937764522,29378.54808729567,7499.370344451347,,,,,Cublas,RTX5080,66,47,55,374,180,102,554,3696.5236394522085,76.90909090909092,284296.2726342335
MatrixMultiplication,Cublas,128,49262.1562626654,49259.80002702339,7058.540195424989,,,,,Cublas,RTX5080,66,47,55,374,180,102,554,3696.5236394522085,76.90909090909092,284296.2726342335
MatrixMultiplication,Cublas,256,88808.22633314668,88806.93192890061,9978.050825574175,,,,,Cublas,RTX5080,66,47,55,374,180,102,554,3696.5236394522085,76.90909090909092,284296.2726342335
MatrixMultiplication,Cublas,512,411826.78072705114,407812.3035199076,24515.45301237962,,,,,Cublas,RTX5080,66,47,55,374,180,102,554,3696.5236394522085,76.90909090909092,284296.2726342335
MatrixMultiplication,Cublas,1024,2734553.2070324197,2716492.460937501,91764.50010272674,,,,,Cublas,RTX5080,66,47,55,374,180,102,554,3696.5236394522085,76.90909090909092,284296.2726342335
MatrixMultiplication,Cublas,2048,12077079.37288371,12061742.813559324,470813.8310303122,,,,,Cublas,RTX5080,66,47,55,374,180,102,554,3696.5236394522085,76.90909090909092,284296.2726342335
MatrixMultiplication,Cublas,4096,50946099.071422525,50661942.14285716,3453579.4258117676,,,,,Cublas,RTX5080,66,47,55,374,180,102,554,3696.5236394522085,76.90909090909092,284296.2726342335
MatrixMultiplication,Cublas,8192,215214224.00004065,215173894.66666675,25948554.356892902,,,,,Cublas,RTX5080,66,47,55,374,180,102,554,3696.5236394522085,76.90909090909092,284296.2726342335
MatrixMultiplication,Cuda,32,109897.05927717828,106671.55511870564,4446.645098203633,,,,Naive,Cuda[Naive],RTX5080,82,69,67,581,257,136,838,5939.293860967784,132.3358208955224,785981.3286309084
MatrixMultiplication,Cuda,64,118324.24970906916,116586.8927680795,5894.043559637401,,,,Naive,Cuda[Naive],RTX5080,82,69,67,581,257,136,838,5939.293860967784,132.3358208955224,785981.3286309084
MatrixMultiplication,Cuda,128,126080.65869877374,124018.5469086989,8657.616113799964,,,,Naive,Cuda[Naive],RTX5080,82,69,67,581,257,136,838,5939.293860967784,132.3358208955224,785981.3286309084
MatrixMultiplication,Cuda,256,188179.35077866976,183139.49144753636,26480.3390290882,,,,Naive,Cuda[Naive],RTX5080,82,69,67,581,257,136,838,5939.293860967784,132.3358208955224,785981.3286309084
MatrixMultiplication,Cuda,512,468450.9209269598,462614.7382413085,97365.09341810051,,,,Naive,Cuda[Naive],RTX5080,82,69,67,581,257,136,838,5939.293860967784,132.3358208955224,785981.3286309084
MatrixMultiplication,Cuda,1024,1738553.5483870436,1726877.1538461533,650311.0680331663,,,,Naive,Cuda[Naive],RTX5080,82,69,67,581,257,136,838,5939.293860967784,132.3358208955224,785981.3286309084
MatrixMultiplication,Cuda,2048,13166936.07546802,13144274.924528277,5009284.838190619,,,,Naive,Cuda[Naive],RTX5080,82,69,67,581,257,136,838,5939.293860967784,132.3358208955224,785981.3286309084
MatrixMultiplication,Cuda,4096,71534972.90000814,71517425.90000013,40216178.13110352,,,,Naive,Cuda[Naive],RTX5080,82,69,67,581,257,136,838,5939.293860967784,132.3358208955224,785981.3286309084
MatrixMultiplication,Cuda,8192,489799296.99999046,489750604.000001,363383789.0625,,,,Naive,Cuda[Naive],RTX5080,82,69,67,581,257,136,838,5939.293860967784,132.3358208955224,785981.3286309084
MatrixMultiplication,Cuda,32,115027.56278632124,111772.77286368675,5849.959882695002,,,,SharedMemory,Cuda[SharedMemory],RTX5080,132,79,103,994,486,182,1480,11111.536067494071,186.37864077669903,2070952.9892008125
MatrixMultiplication,Cuda,64,119687.70346099888,117756.40356182784,6228.860265432021,,,,SharedMemory,Cuda[SharedMemory],RTX5080,132,79,103,994,486,182,1480,11111.536067494071,186.37864077669903,2070952.9892008125
MatrixMultiplication,Cuda,128,130402.64119175034,128548.25851221326,10588.216117454303,,,,SharedMemory,Cuda[SharedMemory],RTX5080,132,79,103,994,486,182,1480,11111.536067494071,186.37864077669903,2070952.9892008125
MatrixMultiplication,Cuda,256,184667.34727177885,180592.91891891888,24574.188666569225,,,,SharedMemory,Cuda[SharedMemory],RTX5080,132,79,103,994,486,182,1480,11111.536067494071,186.37864077669903,2070952.9892008125
MatrixMultiplication,Cuda,512,457236.6867467669,451739.95244134375,72695.59922753896,,,,SharedMemory,Cuda[SharedMemory],RTX5080,132,79,103,994,486,182,1480,11111.536067494071,186.37864077669903,2070952.9892008125
MatrixMultiplication,Cuda,1024,1402250.6101360568,1376092.9883040823,320520.295443823,,,,SharedMemory,Cuda[SharedMemory],RTX5080,132,79,103,994,486,182,1480,11111.536067494071,186.37864077669903,2070952.9892008125
MatrixMultiplication,Cuda,2048,11620135.590166057,11522413.032786936,2251930.741013074,,,,SharedMemory,Cuda[SharedMemory],RTX5080,132,79,103,994,486,182,1480,11111.536067494071,186.37864077669903,2070952.9892008125
MatrixMultiplication,Cuda,4096,49954878.64286069,49477836.71428547,17907081.33152553,,,,SharedMemory,Cuda[SharedMemory],RTX5080,132,79,103,994,486,182,1480,11111.536067494071,186.37864077669903,2070952.9892008125
MatrixMultiplication,Cuda,8192,281401006.66663176,281340190.33333385,154485204.0608724,,,,SharedMemory,Cuda[SharedMemory],RTX5080,132,79,103,994,486,182,1480,11111.536067494071,186.37864077669903,2070952.9892008125
NBody,Kokkos,10,14878149.62790655,14877375.930232553,,1459356.465116279,5519050.116279069,7567508.511627907,,Kokkos,RTX5080,213,72,134,1290,700,206,1990,15296.136049094604,188.05970149253733,2876586.7793819704
NBody,Kokkos,100,15631825.772722796,15631058.38636364,,1450432.5909090908,5447259.840909091,8402891.659090908,,Kokkos,RTX5080,213,72,134,1290,700,206,1990,15296.136049094604,188.05970149253733,2876586.7793819704
NBody,Kokkos,1000,68066278.80000633,68049781.6,,1474352.4,6525846.6,59708083.1,,Kokkos,RTX5080,213,72,134,1290,700,206,1990,15296.136049094604,188.05970149253733,2876586.7793819704
NBody,Kokkos,10000,5151393404.9999075,5150570892.0,,1514837.0,16154982.0,5133008812.0,,Kokkos,RTX5080,213,72,134,1290,700,206,1990,15296.136049094604,188.05970149253733,2876586.7793819704
NBody,Cuda,10,21934421.906252056,21932628.687499996,,2145647.012508562,2102732.0134562617,64.42897573683877,,Cuda,RTX5080,210,72,126,1507,699,198,2206,16830.360703895618,199.71428571428572,3361263.4662922965
NBody,Cuda,100,28077870.0799965,28076293.959999993,,2159966.729977168,2114668.809408322,165.749268219471,,Cuda,RTX5080,210,72,126,1507,699,198,2206,16830.360703895618,199.71428571428572,3361263.4662922965
NBody,Cuda,1000,167117455.0000387,167082598.50000006,,4080359.993095044,3157904.0222568437,2292.5039395689964,,Cuda,RTX5080,210,72,126,1507,699,198,2206,16830.360703895618,199.71428571428572,3361263.4662922965
NBody,Cuda,10000,1424841865.9999516,1424671177.9999998,,4162655.9908036143,2770239.9933477864,22070.667812347412,,Cuda,RTX5080,210,72,126,1507,699,198,2206,16830.360703895618,199.71428571428572,3361263.4662922965
PolyhedralGravity,Slang-Vulkan,14744,265595.51460004516,28681.8259,,,,,,Slang-Vulkan,RTX5080,922,183,509,5077,3201,692,8278,78099.85246837682,575.4253438113949,44940634.45823495
PolyhedralGravity,Slang-Vulkan,255932,8458837.426000172,87600.64099999987,,,,,,Slang-Vulkan,RTX5080,922,183,509,5077,3201,692,8278,78099.85246837682,575.4253438113949,44940634.45823495
PolyhedralGravity,AdaptiveCpp,14744,131779.31589765078,128743.93442929198,,,,,,AdaptiveCpp,RTX5080,607,88,281,3765,2270,369,6035,51463.32373157449,355.44483985765123,18292372.86231196
PolyhedralGravity,AdaptiveCpp,255932,757076.6804351676,750247.9369565216,,,,,,AdaptiveCpp,RTX5080,607,88,281,3765,2270,369,6035,51463.32373157449,355.44483985765123,18292372.86231196
PolyhedralGravity,CPP,14744,21814901.03123451,21815066.28125,,,,,,CPP,RTX5080,541,79,239,3262,1955,318,5217,43368.31037771848,323.10669456066944,14012591.414825795
PolyhedralGravity,CPP,255932,399356048.9998345,399356422.5000003,,,,,,CPP,RTX5080,541,79,239,3262,1955,318,5217,43368.31037771848,323.10669456066944,14012591.414825795
PolyhedralGravity,Slang-Cuda,14744,75538.89533509838,75536.84611260054,,,,,,Slang-Cuda,RTX5080,807,100,344,4278,2730,444,7008,61631.26639138154,396.8023255813954,24455429.83262669
PolyhedralGravity,Slang-Cuda,255932,743966.1898139869,743949.8414351848,,,,,,Slang-Cuda,RTX5080,807,100,344,4278,2730,444,7008,61631.26639138154,396.8023255813954,24455429.83262669
PolyhedralGravity,Cuda,14744,664380.9000947699,664217.0725730445,,,,,,Cuda,RTX5080,718,100,299,4218,2620,399,6838,59081.9948738884,438.12709030100336,25885422.50327552
PolyhedralGravity,Cuda,255932,6441176.831770879,6439884.028037389,,,,,,Cuda,RTX5080,718,100,299,4218,2620,399,6838,59081.9948738884,438.12709030100336,25885422.50327552
PolyhedralGravity,Vulkan,14744,309235.2620999918,23881.5623,,,,,,Vulkan,RTX5080,1074,185,520,6021,3749,705,9770,92438.65419998574,666.8894230769231,61646360.76943569
PolyhedralGravity,Vulkan,14744,309235.2620999918,23881.5623,,,,,,Vulkan,RTX5080,1074,185,520,6021,3749,705,9770,92438.65419998574,666.8894230769231,61646360.76943569
PolyhedralGravity,Vulkan,255932,7884459.748000153,70992.54700000034,,,,,,Vulkan,RTX5080,1074,185,520,6021,3749,705,9770,92438.65419998574,666.8894230769231,61646360.76943569
PolyhedralGravity,Vulkan,255932,7884459.748000153,70992.54700000034,,,,,,Vulkan,RTX5080,1074,185,520,6021,3749,705,9770,92438.65419998574,666.8894230769231,61646360.76943569
PolyhedralGravity,OpenACC,14744,287517.89503917994,287495.12300123007,,,,,,OpenACC,RTX5080,570,86,252,3452,2022,338,5474,45986.414034208676,345.0238095238095,15866407.756421855
PolyhedralGravity,OpenACC,255932,2881376.0123484973,2880761.082304526,,,,,,OpenACC,RTX5080,570,86,252,3452,2022,338,5474,45986.414034208676,345.0238095238095,15866407.756421855
PolyhedralGravity,OpenCL,14744,99245.45620597368,99223.48799079531,,,,,,OpenCL,RTX5080,764,96,352,4319,2748,448,7067,62241.57723418109,374.72727272727275,23323616.487208586
PolyhedralGravity,OpenCL,255932,1303882.4600757505,1303869.7984790872,,,,,,OpenCL,RTX5080,764,96,352,4319,2748,448,7067,62241.57723418109,374.72727272727275,23323616.487208586
